Workbook

Sheet About
A1: PREMIS conformance review — 2026_011922_premis.xml
A3: Project | B3: PoC - Digital Preservation Repository Workflow
A4: Author | B4: Torsten Fratzke
A5: UUID | B5: 99c556fc-bfec-4adc-932d-e0eea9c4be36 (document identity: minted once, permanent across editions; not entered in the UUID registry, which holds repository entities only)
A6: Version | B6: v1.0
A7: Status | B7: Issued
A8: Created | B8: 2026-10-09
A9: Modified | B9: 2026-10-12
A11: Reviewed file | B11: 2026_011922_premis.xml, v1 (PoC output, events dated 2026-10-09), in the context of the full OCFL object 2026_011922 (v1–v3). F001–F059 review the v1 file; they apply equally to v2 and v3 (F064). F060–F067 and the Versions tab review the object across versions.
A12: Source package | B12: L:\Restricted\Library\09_Team\Fratzke\Projects\dol_dpr_workflow_review_packages\2026_011922\2026_011922_v3_20261009_reviewed20261012.zip — OCFL object 2026_011922 at head v3 (v1–v3), v3 committed 2026-10-09T13:14:13Z. Frozen copy, outside the Git repository. SHA-512: a55c729bf61fc96ad5010c89418e99ae299ce59b166cec9f0e24e20abff85e00f6a6816a210e2f60cd81b9bda3fd27d4f371b6d267a004f216e1506f0f14ff85 (567,687 bytes).
A13: Against | B13: PREMIS preservation metadata — profile, v0.4 (Draft, not issued), modified 2026-10-12; rule texts as in its final state of that date.
A14: Review date | B14: 2026-10-09; revised 2026-10-12.
A15: Method | B15: By inspection against the profile. Schema validity checked with lxml and xmllint against premis-v3-0.xsd (valid, F004). Byte checks: encoding, line endings, NFC, UUID versions. OCFL object checked in full: inventory and sidecars of every version, manifest against disk, PREMIS and METS digests against the inventory (F059), file digests across versions (Versions tab). Controlled values checked against the LoC Preservation Vocabularies on id.loc.gov on 2026-10-12 (Controlled values and Vocabularies tabs). The OCFL commit records (inventory user and message) are reviewed separately (2026_011922_ocfl_inventory_review.txt).
... A20: Rule text | B20: The wording of each cited rule, copied from profile v0.4: requirement ID, name, level and cardinality, then the location and the rule.
A22: Type
A23: Non-conformance | B23: Fails a requirement of the profile.
A24: Suspected defect | B24: Looks like a defect in the PoC rather than a profile gap; needs the developer's explanation.
A25: Question | B25: Cannot be judged without information the review did not have.
A26: Profile issue | B26: A problem in the profile itself, to fix in the next edition.
A28: Dependency | B28: "None — fixable now", or the open item / registry that must be settled first.
A30: Status
A31: Open | B31: Not yet addressed (default).
A32: In progress | B32: Being worked on.
A33: Fixed | B33: Fixed in the Python writer; confirm on the next PoC output.
A34: Deferred | B34: Waits on its dependency.
A35: Not accepted | B35: Disputed; reason in Response.
A36: Closed | B36: Resolved in the review itself; no action for the Python writer.
A38: Tabs
A39: Summary | B39: Counts of findings by area and type, with how many are fixable now and how many are open; calculated from the Findings sheet.
A40: Findings | B40: One row per finding, F001–F067, with the rule it is judged against, what was found, what is required, the fix, and Owner, Status and Response for the developer (columns described above).
A41: Controlled values | B41: One row per controlled value the profile writes, with @authority, @authorityURI and @valueURI as the writer is to output them, and what the PoC writes now. Copied from profile v0.4 Controlled vocabularies; @valueURIs checked against id.loc.gov on 2026-10-12. One header row, no merged cells: can be saved as CSV.
A42: Vocabularies | B42: The LoC schemes behind the controlled values, with links to id.loc.gov, the elements each governs, and notes (deprecated schemes, terms not used).
A43: Versions | B43: One column per OCFL version of 2026_011922, one row per fact: commit record, languages held, files added, changed and re-created from an unchanged source, and PREMIS events written and carried (F060–F062, F065–F067). Layer says whether a fact is read from the OCFL inventory or from premis.xml; Meaning says what it is and where it was read; Expected (profile v0.4) says what the profile requires, with the finding where the package departs from it.
A44: PREMIS counts | B44: The objects, events and agents in each version's premis.xml: what profile v0.4 expects (new in the version, and in total with everything carried from the predecessor) and what the package contains (Found), by object kind, catalogue entry and agent role, with the finding behind each difference. Totals agree with Versions rows 10 and 11.
A45: Files | B45: One row per logical path in any version of 2026_011922, with the full SHA-512 of its content in each version's inventory state ('—' where the path is not in that version), whether it is new, changed or unchanged against the previous version, and the finding that explains a change. Counts below the table agree with Versions, Files added and Files changed.
A46: Workflow | B46: Questions and issues for the workflow, found in this review, set against the developer's Workflow Documentation v2.5 (2026-10-05) and profile v0.4: where the PoC's behaviour follows from the design, or the design and the profile disagree. Findings that depend on them cite the W-number.

Sheet Summary
A1: Summary
A3: Area | B3: Non-conformance | C3: Suspected defect | D3: Question | E3: Profile issue | F3: Total | G3: Fixable now | H3: Open
A4: Root | B4: =COUNTIFS(Findings!$B:$B,$A4,Findings!$J:$J,B$3) | C4: =COUNTIFS(Findings!$B:$B,$A4,Findings!$J:$J,C$3) | D4: =COUNTIFS(Findings!$B:$B,$A4,Findings!$J:$J,D$3) | E4: =COUNTIFS(Findings!$B:$B,$A4,Findings!$J:$J,E$3) | F4: =SUM(B4:E4) | G4: =COUNTIFS(Findings!$B:$B,$A4,Findings!$K:$K,"None — fixable now") | H4: =COUNTIFS(Findings!$B:$B,$A4,Findings!$M:$M,"Open")
A5: General | B5: =COUNTIFS(Findings!$B:$B,$A5,Findings!$J:$J,B$3) | C5: =COUNTIFS(Findings!$B:$B,$A5,Findings!$J:$J,C$3) | D5: =COUNTIFS(Findings!$B:$B,$A5,Findings!$J:$J,D$3) | E5: =COUNTIFS(Findings!$B:$B,$A5,Findings!$J:$J,E$3) | F5: =SUM(B5:E5) | G5: =COUNTIFS(Findings!$B:$B,$A5,Findings!$K:$K,"None — fixable now") | H5: =COUNTIFS(Findings!$B:$B,$A5,Findings!$M:$M,"Open")
A6: Intellectual entity | B6: =COUNTIFS(Findings!$B:$B,$A6,Findings!$J:$J,B$3) | C6: =COUNTIFS(Findings!$B:$B,$A6,Findings!$J:$J,C$3) | D6: =COUNTIFS(Findings!$B:$B,$A6,Findings!$J:$J,D$3) | E6: =COUNTIFS(Findings!$B:$B,$A6,Findings!$J:$J,E$3) | F6: =SUM(B6:E6) | G6: =COUNTIFS(Findings!$B:$B,$A6,Findings!$K:$K,"None — fixable now") | H6: =COUNTIFS(Findings!$B:$B,$A6,Findings!$M:$M,"Open")
A7: Representation | B7: =COUNTIFS(Findings!$B:$B,$A7,Findings!$J:$J,B$3) | C7: =COUNTIFS(Findings!$B:$B,$A7,Findings!$J:$J,C$3) | D7: =COUNTIFS(Findings!$B:$B,$A7,Findings!$J:$J,D$3) | E7: =COUNTIFS(Findings!$B:$B,$A7,Findings!$J:$J,E$3) | F7: =SUM(B7:E7) | G7: =COUNTIFS(Findings!$B:$B,$A7,Findings!$K:$K,"None — fixable now") | H7: =COUNTIFS(Findings!$B:$B,$A7,Findings!$M:$M,"Open")
A8: File | B8: =COUNTIFS(Findings!$B:$B,$A8,Findings!$J:$J,B$3) | C8: =COUNTIFS(Findings!$B:$B,$A8,Findings!$J:$J,C$3) | D8: =COUNTIFS(Findings!$B:$B,$A8,Findings!$J:$J,D$3) | E8: =COUNTIFS(Findings!$B:$B,$A8,Findings!$J:$J,E$3) | F8: =SUM(B8:E8) | G8: =COUNTIFS(Findings!$B:$B,$A8,Findings!$K:$K,"None — fixable now") | H8: =COUNTIFS(Findings!$B:$B,$A8,Findings!$M:$M,"Open")
A9: Event | B9: =COUNTIFS(Findings!$B:$B,$A9,Findings!$J:$J,B$3) | C9: =COUNTIFS(Findings!$B:$B,$A9,Findings!$J:$J,C$3) | D9: =COUNTIFS(Findings!$B:$B,$A9,Findings!$J:$J,D$3) | E9: =COUNTIFS(Findings!$B:$B,$A9,Findings!$J:$J,E$3) | F9: =SUM(B9:E9) | G9: =COUNTIFS(Findings!$B:$B,$A9,Findings!$K:$K,"None — fixable now") | H9: =COUNTIFS(Findings!$B:$B,$A9,Findings!$M:$M,"Open")
A10: Agent | B10: =COUNTIFS(Findings!$B:$B,$A10,Findings!$J:$J,B$3) | C10: =COUNTIFS(Findings!$B:$B,$A10,Findings!$J:$J,C$3) | D10: =COUNTIFS(Findings!$B:$B,$A10,Findings!$J:$J,D$3) | E10: =COUNTIFS(Findings!$B:$B,$A10,Findings!$J:$J,E$3) | F10: =SUM(B10:E10) | G10: =COUNTIFS(Findings!$B:$B,$A10,Findings!$K:$K,"None — fixable now") | H10: =COUNTIFS(Findings!$B:$B,$A10,Findings!$M:$M,"Open")
A11: Versions | B11: =COUNTIFS(Findings!$B:$B,$A11,Findings!$J:$J,B$3) | C11: =COUNTIFS(Findings!$B:$B,$A11,Findings!$J:$J,C$3) | D11: =COUNTIFS(Findings!$B:$B,$A11,Findings!$J:$J,D$3) | E11: =COUNTIFS(Findings!$B:$B,$A11,Findings!$J:$J,E$3) | F11: =SUM(B11:E11) | G11: =COUNTIFS(Findings!$B:$B,$A11,Findings!$K:$K,"None — fixable now") | H11: =COUNTIFS(Findings!$B:$B,$A11,Findings!$M:$M,"Open")
A12: Profile | B12: =COUNTIFS(Findings!$B:$B,$A12,Findings!$J:$J,B$3) | C12: =COUNTIFS(Findings!$B:$B,$A12,Findings!$J:$J,C$3) | D12: =COUNTIFS(Findings!$B:$B,$A12,Findings!$J:$J,D$3) | E12: =COUNTIFS(Findings!$B:$B,$A12,Findings!$J:$J,E$3) | F12: =SUM(B12:E12) | G12: =COUNTIFS(Findings!$B:$B,$A12,Findings!$K:$K,"None — fixable now") | H12: =COUNTIFS(Findings!$B:$B,$A12,Findings!$M:$M,"Open")
A13: Total | B13: =SUM(B4:B12) | C13: =SUM(C4:C12) | D13: =SUM(D4:D12) | E13: =SUM(E4:E12) | F13: =SUM(F4:F12) | G13: =SUM(G4:G12) | H13: =SUM(H4:H12)
A15: Counts are of findings (rows), not of occurrences. Summary updates as Status changes on the Findings sheet. Fixable now counts findings whose Dependency is "None — fixable now"; questions closed in review carry "—".

Sheet Findings
A1: ID | B1: Area | C1: Rule(s) | D1: Rule text (from the profile) | E1: Element / location | F1: Occurrences | G1: Found | H1: Required | I1: Fix | J1: Type | K1: Dependency | L1: Owner | M1: Status | N1: Response
A2: F001 | B2: Root | C2: DPM13 | D2: DPM13 Encoding [MUST, —] metadata/preservation/{JOB_ID}_premis.xml Encoded in UTF-8 [RFC3629] without a byte-order mark, opening with the XML declaration <?xml version="1.0" encoding="UTF-8"?>; text in Unicode Normalization Form C [UAX15]; LF line endings. Values copied from other sources (DOL file names in originalName, values taken from DOME) are normalised to NFC when written. | E2: XML declaration | F2: 1 | G2: <?xml version='1.0' encoding='utf-8'?> (single quotes, lowercase encoding). CRLF line endings on all 410 lines, as committed (the file's SHA-512 0563f1ff… matches the v1 state of the OCFL inventory). No byte-order mark; text is NFC. | H2: Exactly <?xml version="1.0" encoding="UTF-8"?>; UTF-8 without BOM, NFC, LF line endings. | I2: Write the declaration line exactly as <?xml version="1.0" encoding="UTF-8"?>. The PoC output matches Python's xml.etree.ElementTree, which writes single quotes and the encoding as given; write this line explicitly, then serialise the root without a declaration. Save as UTF-8 without BOM, LF line endings, text values NFC-normalised. Open the output file with newline="\n" (Python on Windows writes CRLF in text mode otherwise). | J2: Non-conformance | K2: None — fixable now | L2: EG / implementation | M2: In progress | N2: 2026-10-15 implementation response: Exact UTF-8 declaration, no BOM, NFC text and LF are written by profile_workflow.serialize.
A3: F002 | B3: Root | C3: DPM16 | D3: DPM16 PREMIS namespace [MUST, 1..1] premis/@xmlns Declared as the default namespace, set to http://www.loc.gov/premis/v3; PREMIS elements are written without a prefix, and xsi:type values are given unprefixed (file, representation, intellectualEntity), resolving to the PREMIS types through the default namespace. Example: <premis xmlns="http://www.loc.gov/premis/v3" …>; then <object xsi:type="file"> | E3: All elements; object/@xsi:type | F3: All elements | G3: premis: prefix on every element; xsi:type values prefixed (premis:file, premis:representation). | H3: PREMIS 3 namespace declared as default; elements unprefixed; xsi:type values unprefixed (file, representation, intellectualEntity). | I3: Declare PREMIS as the default namespace on the root: <premis xmlns="http://www.loc.gov/premis/v3" …>. Write elements without prefix and xsi:type="file", "representation", "intellectualEntity". With ElementTree: ET.register_namespace("", "http://www.loc.gov/premis/v3") before serialising. | J3: Non-conformance | K3: None — fixable now | L3: EG / implementation | M3: In progress | N3: 2026-10-15 implementation response: Default PREMIS 3 namespace and unprefixed xsi:type values; official XSD validation.
A4: F003 | B4: Root | C4: DPM18, DPM19 | D4: DPM18 Schema location [MUST, 1..1] premis/@xsi:schemaLocation Set to http://www.loc.gov/premis/v3 ../../schemas/premis.xsd: the package-local copy, by its path relative to metadata/preservation/. Example: xsi:schemaLocation="http://www.loc.gov/premis/v3 ../../schemas/premis.xsd" DPM19 Local schema copy [MUST, 1..1 per package] schemas/premis.xsd A copy of the PREMIS 3.0 schema is held in the package schemas/ folder, so the PREMIS file can be validated wherever the package is, without network access, in restricted environments, and after the schema's published location has changed or disappeared (cf. [DILCIS-CSIP]). The 3.0 schema is self-contained: it imports no other schema (3.0 removed the XLink reference). Although a SIP otherwise carries only new and changed files, every SIP carries the schemas/ folder, so that the premis.xml and METS.xml it carries resolve their schemas within the bag; OCFL stores identical bytes once. The copy is the Library of Congress file https://www.loc.gov/standards/premis/v3/premis.xsd, byte-identical in every package; its SHA-512 is fixed when the pipeline is configured ([PREMIS-XSD-SHA512]; see *Open items*), and a package whose schemas/premis.xsd differs is held. | E4: premis/@xsi:schemaLocation | F4: 1 | G4: Absent. | H4: http://www.loc.gov/premis/v3 ../../schemas/premis.xsd, with the package-local copy at schemas/premis.xsd. | I4: Add to the root: xsi:schemaLocation="http://www.loc.gov/premis/v3 ../../schemas/premis.xsd". Copy the LoC PREMIS 3.0 premis.xsd into every package at schemas/premis.xsd. | J4: Non-conformance | K4: None — fixable now | L4: EG / implementation | M4: In progress | N4: 2026-10-15 implementation response: Package-local schemas/premis.xsd and relative schemaLocation; schema SHA-512 pins checked at ingest.
A5: F004 | B5: Root | C5: DPM10 | D5: DPM10 Schema validity [MUST, —] metadata/preservation/{JOB_ID}_premis.xml against schemas/premis.xsd The preparation side validates premis.xml against the package-local PREMIS 3.0 schema before bagging; the ingest side validates it again after appending its events, before commit. Validation uses only the schemas in the package's schemas/ folder (DPM18, DPM19), and also checks that the file contains no semantic unit at level NOT USED (see *Conventions*). An invalid file halts the item on the preparation side; on the ingest side it commits nothing and holds the bag. Example: a file object carrying storage is valid against the PREMIS 3.0 schema, but storage is NOT USED in this profile (DPM64), so the file fails this check. | E5: Whole file | F5: 1 | G5: Valid against the PREMIS 3.0 schema (premis-v3-0.xsd, LoC, 2016-01-18), checked with lxml on 2026-10-09. No NOT USED units present. Both halves of DPM10 pass for this file. METS and inventory agreement checked separately: F059. | H5: Validate against the package-local premis.xsd before bagging and again before commit; reject any NOT USED unit. | I5: None (closed). | J5: Question | K5: — | M5: Closed | N5: Resolved in review: schema-valid, no NOT USED units. No action for the Python writer. 2026-10-15 implementation response: Original review closure/profile issue retained; no implementation closure asserted.
A6: F005 | B6: General | C6: Controlled vocabularies; DPM91 | D6: DPM91 Event type [MUST, 1..1] event/eventType The type given in the event's catalogue entry. LoC event types carry @authority, @authorityURI and @valueURI; the one local type (DPM108) carries @authority="local" until this profile's namespace is defined (see *Open items*). Example: normalization, @valueURI http://id.loc.gov/vocabulary/preservation/eventType/nor Controlled vocabularies This section lists the controlled vocabularies used in the package PREMIS file. Only the values this profile writes are listed; a value not listed is not written. Values from [LoC-PV] carry @authority, @authorityURI and @valueURI (DPM91); local values carry @authority="local" until this profile's namespace is defined (see *Open items*), except identifier types, which are written as plain values (vocPREMISIdentifierTypes). Every @valueURI listed was checked against [LoC-PV] on 2026-10-12. A value from [LoC-PV] is written exactly as its authorised label, including case (e.g. is Included In, has Source). | E6: All controlled values | F6: Throughout | G6: No @authority, @authorityURI or @valueURI on any controlled value (eventType, relationshipType/SubType, messageDigestAlgorithm, roles, agentType). | H6: LoC values carry @authority, @authorityURI and @valueURI; local values carry @authority="local". | I6: Keep a lookup table in the Python writer, value → @valueURI, and add the three attributes to every LoC controlled value, e.g. <relationshipType authority="relationshipType" authorityURI="http://id.loc.gov/vocabulary/preservation/relationshipType" valueURI="http://id.loc.gov/vocabulary/preservation/relationshipType/str">structural</relationshipType>. Local values: authority="local". The complete lookup is the Controlled values tab of this workbook. Never use the deprecated LoC scheme Linking Agent Role (Event) (…/linkingAgentRoleEvent); agent roles come from Event Related Agent Role (…/eventRelatedAgentRole). | J6: Non-conformance | K6: None — fixable now | L6: EG / implementation | M6: In progress | N6: 2026-10-15 implementation response: Controlled-value lookup adds authority/authorityURI/valueURI; local terms use authority=local; identifier types stay plain.
A7: F006 | B7: Intellectual entity | C7: DPM20–DPM24 | D7: DPM20 Object category [MUST, 1..1] object[@xsi:type='intellectualEntity'] Exactly one per PREMIS file. DPM21 Object identification [MUST, 2..2] object/objectIdentifier Two identifiers, in this order: the UUID (DPM22, DPM23), then the JOB_ID (DPM24). DPM22 Type of identification [MUST, 1..1] object/objectIdentifier/objectIdentifierType Set to UUID in the first identifier. DPM23 Identification value [MUST, 1..1] object/objectIdentifier/objectIdentifierValue The object's UUID: a UUID version 4 [UUID] in its standard lowercase form, without prefix. The same UUID identifies the AIP and its OCFL object: it is the root METS @OBJID and the OCFL inventory id, which carry it in urn:uuid: form. This is the one case where a UUID names more than one entity; it is allowed because the intellectual entity and its AIP correspond one-to-one for the life of the object. The object folder is named by the JOB_ID (DPM24), not by this UUID. Each SIP has its own UUID (DPM8), which the SIP's root METS carries as @OBJID until the ingest side replaces it with the object's UUID at the SIP→AIP transformation. Example: 9cad434a-aedd-4955-bc53-1f1e3c1c882a DPM24 JOB_ID identifier [MUST, 1..1] object/objectIdentifier[objectIdentifierType='JOB_ID'] Second identifier: type JOB_ID, value the JOB_ID: the four-digit year, an underscore and a six-digit zero-padded number (YYYY_NNNNNN, e.g. 2026_012017). | E7: object[@xsi:type='intellectualEntity'] | F7: 1 (typed as representation; expected 1 intellectual entity) | G7: No object typed intellectualEntity. The object's UUID ec1921e0-76fd-4ab3-8b4a-0d1f105fc2ad (the root METS @OBJID and the OCFL inventory id) is written on an object typed representation, with the UUID as its only identifier. Same pattern as in 2026_009714. | H7: Exactly one, with two identifiers in order: UUID (a uuid4, the object UUID), then JOB_ID 2026_011922. Note: the same UUID also appears outside PREMIS, in urn:uuid: form, as the OCFL inventory id and the root METS @OBJID (DPM23); nothing further is written in PREMIS. | I7: Retype the existing object ec1921e0-76fd-4ab3-8b4a-0d1f105fc2ad: xsi:type="intellectualEntity". Keep its UUID (do not mint a new one: it is the object's UUID, DPM23). Add the second objectIdentifier JOB_ID 2026_011922. Pattern: Example 1 of the profile (intellectual entity block). | J7: Non-conformance | K7: None — fixable now | L7: EG / implementation | M7: In progress | N7: 2026-10-15 implementation response: One intellectualEntity retains the existing object UUID and carries UUID then JOB_ID identifiers.
A8: F007 | B8: Intellectual entity | C8: DPM25, DPM71 | D8: DPM25 Relationships [MUST, 2..2] object/relationship Representation membership, as set out in the *Relationship catalogue* (DPM71). DPM71 Representation membership [MUST, 2..2 per intellectual entity] object[@xsi:type='intellectualEntity']/relationship structural / includes, related object each representation. Example: 864aaa6f-ea0f-40d4-a83d-4be03b108e55 (rep_2) | E8: intellectualEntity/relationship | F8: 0 (expected 2) | G8: Absent (the intellectual entity is mistyped, F006). | H8: structural / includes → rep_1 and → rep_2. | I8: In the same block, after the identifiers: two relationship elements, structural / includes → [REP_1-UUID] and structural / includes → [REP_2-UUID]. | J8: Non-conformance | K8: None — fixable now | L8: EG / implementation | M8: In progress | N8: 2026-10-15 implementation response: IE includes relationships to two stable representation UUIDs.
A9: F008 | B9: Representation | C9: DPM27 | D9: DPM27 Object category [MUST, 2..2] object[@xsi:type='representation'] Exactly two per PREMIS file. | E9: object[@xsi:type='representation'] | F9: 0 (expected 2) | G9: No representations. The only object typed representation (ec1921e0-…) is the intellectual entity (F006); both the rep_1 DOCX and the rep_2 master point to it. | H9: Two representations, rep_1 (authoring sources) and rep_2 (PDF/A masters and attachments), each with its own uuid4. | I9: Write two representation objects, rep_1 and rep_2, each with a new uuid4 entered in the UUID registry. Do not reuse ec1921e0-…: it is the object's UUID (F006). The DOCX belongs to rep_1, the master to rep_2. | J9: Non-conformance | K9: None — fixable now | L9: EG / implementation | M9: In progress | N9: 2026-10-15 implementation response: Independent registered UUID4s for rep_1 and rep_2. Attachment-only jobs retain an empty rep_1: draft adaptation requiring review.
A10: F009 | B10: Representation | C10: DPM28, DPM41 | D10: DPM28 Object identification [MUST, 2..2] object/objectIdentifier Two identifiers, in this order: the UUID (DPM29, DPM30), then the filepath (DPM41). DPM41 Filepath identifier [MUST, 1..1] object/objectIdentifier[objectIdentifierType='filepath'] Type filepath. For a held file, the value is its OCFL logical path: relative to the version's content/ directory, /-separated, without version prefix (e.g. representations/rep_2/data/en/2026_012017_en.pdf). For a representation, the value is the path of its folder on the same basis (e.g. representations/rep_2); being a folder, it does not appear in the inventory state. | E10: representation/objectIdentifier | F10: 0 (no representations) | G10: No representations (F008). | H10: UUID, then filepath identifier: representations/rep_1 or representations/rep_2. | I10: On each new representation, after the UUID: <objectIdentifier><objectIdentifierType>filepath</objectIdentifierType><objectIdentifierValue>representations/rep_1</objectIdentifierValue></objectIdentifier> (rep_2 likewise). Write identifier types as plain values, without @authority (vocPREMISIdentifierTypes; F057). | J10: Non-conformance | K10: None — fixable now | L10: EG / implementation | M10: In progress | N10: 2026-10-15 implementation response: Representation identifiers are UUID then filepath.
A11: F010 | B11: Representation | C11: DPM35, DPM72, DPM73 | D11: DPM35 Relationships [MUST, 2..n] object/relationship Membership in the intellectual entity and of its files, as set out in the *Relationship catalogue* (DPM72, DPM73). DPM72 Inclusion in the intellectual entity [MUST, 1..1 per representation] object[@xsi:type='representation']/relationship structural / is Included In, related object the intellectual entity. Example: 9cad434a-aedd-4955-bc53-1f1e3c1c882a DPM73 File membership [MUST, 1..n per representation] object[@xsi:type='representation']/relationship structural / includes, related object each held file of the representation. Appended to the representation as files are added (DPM4); an includes to a file later superseded at its path is kept (see *Superseded files*). Example: 3aaa37c1-1f81-48f5-8144-cd222bfa84c7 (the English master) | E11: representation/relationship | F11: 0 | G11: No representations (F008). | H11: structural / is Included In → IE; structural / includes → each held file of that representation. | I11: On each representation: relationship structural / is Included In → [OBJECT-UUID]; then structural / includes → each held file of that representation (rep_1 → the DOCX UUID; rep_2 → the master UUID). | J11: Non-conformance | K11: None — fixable now | L11: EG / implementation | M11: In progress | N11: 2026-10-15 implementation response: Bidirectional structural includes/is Included In links; prior includes retained.
A12: F011 | B12: File | C12: DPM37–DPM39 | D12: DPM37 Object identification [MUST, 1..2] object/objectIdentifier For every file object the UUID (DPM38, DPM39); for every held file, then the filepath (DPM41), in that order. DPM38 Type of identification [MUST, 1..1] object/objectIdentifier/objectIdentifierType Set to UUID in the first identifier. DPM39 Identification value [MUST, 1..1] object/objectIdentifier/objectIdentifierValue The file's UUID (file_id in the workflow): a UUID version 4, without prefix, minted when the file first exists in the pipeline: at step 1 for files acquired from DOL (authoring sources and published PDFs), at step 3 for masters, and when produced for reports, logs and DOME. New bytes at an existing path are a new file with a new UUID (DPM8). Example: 3aaa37c1-1f81-48f5-8144-cd222bfa84c7 (the English master) | E12: file/objectIdentifier | F12: 8 file objects | G12: Only identifier is type local-path; no UUID on any file. | H12: First identifier type UUID (uuid4 minted when the file first exists in the pipeline), then the filepath identifier. | I12: Mint a uuid4 for each file when it first exists in the pipeline (step 1 for files from DOL, step 2 for the master, when produced for reports and DOME), enter it in the UUID registry, and write it as the first objectIdentifier (type UUID). The path becomes the second identifier (F012). The pipeline already assigns these: the QA report carries file_id for the master (ef1fe473-06b0-496a-9fd7-090d6388b748 in v1) and the published PDF (585992a9-deba-427d-9360-fce164e33a16). Write those, not new values. | J12: Non-conformance | K12: None — fixable now | L12: EG / implementation | M12: In progress | N12: 2026-10-15 implementation response: Existing stage file IDs are reused; new stage UUIDs enter the local registry before return. Evidence/content IDs are registered once.
A13: F012 | B13: File | C13: DPM41 | D13: DPM41 Filepath identifier [MUST, 1..1] object/objectIdentifier[objectIdentifierType='filepath'] Type filepath. For a held file, the value is its OCFL logical path: relative to the version's content/ directory, /-separated, without version prefix (e.g. representations/rep_2/data/en/2026_012017_en.pdf). For a representation, the value is the path of its folder on the same basis (e.g. representations/rep_2); being a folder, it does not appear in the inventory state. | E13: file/objectIdentifier/objectIdentifierType | F13: 8 file objects | G13: Identifier type local-path. | H13: Identifier type filepath; value the OCFL logical path. | I13: Change objectIdentifierType from local-path to filepath on all 8 file objects. The value is already the logical path relative to content/; it changes only where the path itself changes (DOME, F024; canonical names, F025). It follows the UUID identifier. | J13: Non-conformance | K13: None — fixable now | L13: EG / implementation | M13: In progress | N13: 2026-10-15 implementation response: Held files carry UUID then filepath identifiers; local-path removed in profile mode.
A14: F013 | B14: File | C14: DPM40 | D14: DPM40 Published PDF, described not held [MUST, 0..n] object[@xsi:type='file'] The published PDF from which a master is derived is described as a file object without a filepath identifier. Its UUID is the one minted for it at step 1; its fixity is the digest struck at extraction; its originalName is the DOL file name. A published PDF is described once: where a later version acquires a published PDF whose SHA-512 equals that of one already described, no new object is written, and no master is derived from it again except in a master_reconversion version (DPM106); a published PDF whose digest differs is a new object with a new UUID (DPM8). None is written where no master is derived from a published PDF (see *Open items*, conversion skipped). Example: 66a05ffa-9f3c-4f65-a8ed-0eb84c4e31b2, originalName WTGCWT849.pdf | E14: Published PDF file object | F14: 0 (expected 1) | G14: No object for the published Spanish PDF from which the master was derived. | H14: File object without filepath: UUID minted at step 1, SHA-512 and size as extracted, format (PRONOM fmt/276, version 1.7), originalName = DOL file name. | I14: Add a file object for the published Spanish PDF, placed immediately before the master: UUID minted at step 1; no filepath identifier; compositionLevel 0; SHA-512 and size of the PDF as extracted from DOL; format as DROID reports it (expected Acrobat PDF 1.7 - Portable Document Format, 1.7, fmt/276); originalName = its DOL file name. Its UUID and digest already exist in the QA report source block: file_id 585992a9-deba-427d-9360-fce164e33a16, SHA-512 9986bff4d613… (the _src.pdf working copy, a byte copy of the published PDF). | J14: Non-conformance | K14: None — fixable now | L14: EG / implementation | M14: In progress | N14: 2026-10-15 implementation response: Published DOL PDFs remain described by UUID/fixity/size/format/originalName without filepath, before derivation links to masters.
A15: F014 | B15: File | C15: DPM43 | D15: DPM43 Composition level [MUST, 1..1] object/objectCharacteristics/compositionLevel Set to 0. | E15: objectCharacteristics/compositionLevel | F15: 8 file objects | G15: Absent. | H15: 0. | I15: Add <compositionLevel>0</compositionLevel> as the first child of objectCharacteristics on every file object. | J15: Non-conformance | K15: None — fixable now | L15: EG / implementation | M15: In progress | N15: 2026-10-15 implementation response: compositionLevel=0 on every file object.
A16: F015 | B16: File | C16: DPM47 | D16: DPM47 Fixity originator [MUST, 1..1] object/objectCharacteristics/fixity/messageDigestOriginator The agent-registry UUID of the agent that calculated the digest: where the file has a digest calculation event (DPM103), that event's executing program; otherwise the stage script that wrote the file and computed its digest before bagging. The agent is described in the PREMIS file (DPM78). Example: the UUID of [SCRIPT-STEP-1] for a file extracted from DOL; of [SCRIPT-STEP-4] for a veraPDF report it wrote | E16: fixity/messageDigestOriginator | F16: 8 file objects | G16: Absent. | H16: Agent-registry UUID of the agent that calculated the digest (the executing program of DPM103 where there is one); agent described in the file. | I16: Add <messageDigestOriginator>[AGENT-UUID]</messageDigestOriginator> after messageDigest in each fixity: the agent-registry UUID of the executing program of the file's digest calculation event (DPM103) where it has one (DOCX, published PDF, master); otherwise the stage script that wrote the file and computed its digest (reports, conversion log, DROID report, DOME, dome_sql_extraction.json). Needs the agent registry. | J16: Non-conformance | K16: Agent registry | L16: EG / implementation | M16: In progress | N16: 2026-10-15 implementation response: Digest originators reference configured software-agent UUIDs. Provisional agent registry supplied; production registry pending.
A17: F016 | B17: File | C17: DPM49–DPM55 | D17: DPM49 File format [MUST, 1..1] object/objectCharacteristics/format One format per file object, from the format identification of the version that adds the file (DPM109), recorded with both the format designation and the format registry. Where DROID returns no identification or more than one, the item is held for review; the operator's resolution is recorded in the format identification event's outcome detail note (DPM7, DPM109). Two files the pipeline writes itself in a fixed format are recorded without identification: the DROID report, Comma Separated Values, PRONOM x-fmt/18; and the DOME record, Extensible Markup Language 1.0, PRONOM fmt/101. DPM50 File format name grouping [MUST, 1..1] object/objectCharacteristics/format/formatDesignation Always written, together with the registry grouping (DPM53). DPM51 File format name [MUST, 1..1] …/formatDesignation/formatName The PRONOM format name as reported by DROID. Example: Acrobat PDF/A - Portable Document Format DPM52 File format version [MUST where PRONOM gives one, 0..1] …/formatDesignation/formatVersion The PRONOM format version, where PRONOM gives one for the identified format; absent otherwise. Example: 2b DPM53 File format registry grouping [MUST, 1..1] object/objectCharacteristics/format/formatRegistry Always written, together with the name grouping (DPM50). DPM54 File format registry name [MUST, 1..1] …/formatRegistry/formatRegistryName Set to PRONOM. DPM55 File format registry key [MUST, 1..1] …/formatRegistry/formatRegistryKey The PUID reported by DROID. Example: fmt/477 (PDF/A-2b) | E17: objectCharacteristics/format | F17: 7 file objects (all but the DOCX) | G17: formatName is a MIME type or label (application/pdf, application/json, text/xml, XML, application/vnd.ms-excel); no formatRegistry. | H17: PRONOM name and version as reported by DROID, formatRegistryName PRONOM, PUID as key. Expected: master fmt/477 version 2b; veraPDF report, conversion log and DOME fmt/101 version 1.0; QA report fmt/817; DROID report x-fmt/18 (Comma Separated Values, not Excel). | I17: Take the format from the DROID report, not from MIME types: formatDesignation (formatName, formatVersion where PRONOM gives one) and formatRegistry (PRONOM, PUID, role specification). Expected here: master Acrobat PDF/A - Portable Document Format, 2b, fmt/477; veraPDF report Extensible Markup Language, 1.0, fmt/101; DOME the same values, written as fixed values without DROID identification (DPM49); QA report and dome_sql_extraction.json JSON Data Interchange Format, fmt/817; DROID report Comma Separated Values, x-fmt/18; conversion log Extensible Markup Language, 1.0, fmt/101 (Aspose's XML compliance log; F027). Requires DROID to identify every file other than DOME (F046). Workflow tab: W05. | J17: Non-conformance | K17: None — fixable now | L17: EG / implementation | M17: In progress | N17: 2026-10-15 implementation response: Uses DROID identifications, not MIME labels. Optional PoC6 --java/--droid-jar identifies new derived files. Missing PUIDs are explicit draft gaps; strict mode rejects them. DOME has fixed XML format.
... A38: F037 | B38: Event | C38: Element order | D38: Element order (Placement and file model) Element order. The PREMIS 3.0 schema fixes the entity sequence: objects, then events, then agents, then rights. Within each, elements carried from the predecessor keep their place, and the elements a version adds follow them (DPM4), so that each version's file begins with its predecessor's elements, entity by entity. Within the elements one version adds: objects by intellectual entity, then representations, then files in logical-path order, a published PDF (which has no logical path, DPM40) immediately before the master derived from it; events in chronological order; agents in order of first reference. A relationship added to an existing object follows that object's existing relationships (DPM4). The order carries no semantics; it exists so that two correct writers produce comparable files, and so that a version's additions can be checked as an extension of its predecessor. | E38: Sequence of events | F38: 1 | G38: Not chronological: format identification (13:10:38) is listed after QA (13:10:50). | H38: Events in chronological order. | I38: Sort events by eventDateTime before writing. Fix F031 and F047 first, or the sort uses inconsistent times. | J38: Non-conformance | K38: None — fixable now | L38: EG / implementation | M38: In progress | N38: 2026-10-15 implementation response: Events sorted chronologically; predecessor entities preserved.
A39: F038 | B39: Event | C39: DPM102 | D39: DPM102 Ingestion start [MUST, 1..1 per AIP] event[eventType='ingestion start'] Written once per AIP, in v1: by the run that first acquires a language version for a JOB_ID with no AIP, and mints the object's UUID. Not repeated in later versions. Linked object: the intellectual entity. Side: preparation. | E39: Two ingestion events (4c95ff44-…, bf743e75-…) | F39: 2 | G39: Two ingestion events with identical time, detail and outcome, both linking ec1921e0-…, the intellectual entity mistyped as a representation (F006): the target is right, the type and the duplication are wrong. | H39: One ingestion start event, linking the IE, in v1 only. | I39: None (merged into F039). | J39: Non-conformance | K39: — | M39: Closed | N39: Merged into F039 (2026-10-12): both findings described the same two ingestion events. No separate action. 2026-10-15 implementation response: Original review closure/profile issue retained; no implementation closure asserted.
A40: F039 | B40: Event | C40: DPM102, DPM103, DPM104 | D40: DPM102 Ingestion start [MUST, 1..1 per AIP] event[eventType='ingestion start'] Written once per AIP, in v1: by the run that first acquires a language version for a JOB_ID with no AIP, and mints the object's UUID. Not repeated in later versions. Linked object: the intellectual entity. Side: preparation. | E40: Two ingestion events (4c95ff44-…, bf743e75-…) | F40: 2 | G40: Two events of type ingestion, identical but for their UUID: same time (13:10:11.379381Z), executing program Python DPR PoC1, detail and outcome 'STEP_1_PREPARED_FIXITY_VERIFIED', both linking ec1921e0-…, the intellectual entity mistyped as a representation (F006). They are one per extracted file (DOCX, published PDF), recording PoC 1's result, but neither links its file. No ingestion start is written. | H40: One ingestion start in v1 only, linking the intellectual entity (DPM102); per extracted file, a digest calculation and a copy fixity verification linking that file (DPM103, DPM104). | I40: Replace the two ingestion events: write one ingestion start event when the object is created (v1), linking [OBJECT-UUID], first detail ingestion start (DPM102); and for each extracted file (DOCX, published PDF) a message digest calculation and a fixity check event linking that file's UUID (DPM103, DPM104; F040). | J40: Non-conformance | K40: None — fixable now | L40: EG / implementation | M40: In progress | N40: F038 merged into this finding (2026-10-12): both described the same two ingestion events. 2026-10-15 implementation response: One ingestion start for first object version; distinct digest and fixity events per received source.
A41: F040 | B41: Event | C41: DPM103, DPM104 | D41: DPM103 Digest calculation [MUST, 1 per extracted file and per master] event[eventType='message digest calculation'] The SHA-512 struck on a file when it first exists in the pipeline: on each rep_1 file and each published PDF as extracted from DOL, and on each master as created. Its executing program is the file's fixity originator (DPM47). Linked object: the file. Side: preparation. DPM104 Copy fixity verification [MUST, 1 per extracted file] event[eventType='fixity check'] The copy out of DOL re-hashed and verified against its digest calculation (DPM103). Linked object: the file (for a published PDF, the object describing it). Side: preparation. | E41: Digest calculation; copy fixity verification | F41: 0 | G41: Absent (possibly folded into the ingestion events). | H41: DPM103 and DPM104 per extracted file (DOCX, published PDF); DPM103 on the master as created. | I41: For the DOCX and the published PDF: one message digest calculation event and one fixity check event each, linking the file's UUID. For the master: one message digest calculation event when created. | J41: Non-conformance | K41: None — fixable now | L41: EG / implementation | M41: In progress | N41: 2026-10-15 implementation response: Digest/fixity events on received files; digest event on masters; stable event keys prevent duplicate history.
A42: F041 | B42: Event | C42: DPM105 | D42: DPM105 Filename change [MUST, 1 per renamed held file] event[eventType='filename change'] A held file renamed from its DOL name to its canonical name (Placement and file model, Canonical names). Linked object: the file. Side: preparation. | E42: Filename change | F42: 0 | G42: Absent. | H42: One per held file renamed from its DOL name (the DOCX). | I42: Add one filename change event linking the DOCX UUID, renamed from its DOL name. | J42: Non-conformance | K42: None — fixable now | L42: EG / implementation | M42: In progress | N42: 2026-10-15 implementation response: Filename change event for renamed source files.
A43: F042 | B43: Event | C43: DPM106 | D43: DPM106 Normalisation [MUST, 1 per converted master] event[eventType='normalization'] Conversion of a published PDF to its PDF/A preservation master by the WTO conversion program. Linked objects: the published PDF (source), the master (outcome) and, where one is held, the conversion log (outcome). Executing program: the conversion engine, Aspose.PDF for C++ (DPM57). Event detail: target_level: PDF/A-2b. Outcome detail note: the alterations and removals reported by the engine, or none. In a master_reconversion version, further details: supersedes: <UUID>, the master replaced; reason: <the defect found>; and, where a conversion parameter was changed, parameter: <name>: <value>. Not written where conversion was skipped (see *Open items*). Side: preparation. Example: target_level: PDF/A-2b | E43: Normalization (d4a0ea3f-…) | F43: 1 | G43: Links the master only, without role; no target_level detail; no outcome note. | H43: Published PDF as source; master and the held conversion log as outcome; detail target_level: PDF/A-2b; outcome note the engine's reported alterations, or none. | I43: Normalisation event: linkingObjectIdentifier published PDF UUID with role source, master UUID with role outcome, conversion log UUID with role outcome (DPM106, F056); eventDetailInformation target_level: PDF/A-2b; eventOutcomeDetailNote with the engine's reported alterations, or none. | J43: Non-conformance | K43: None — fixable now | L43: EG / implementation | M43: In progress | N43: 2026-10-15 implementation response: Normalization links source, master and retained conversion log; target detail retained. Alteration-detail extraction from actual Aspose log is not implemented; skipped conversion is not falsely called normalization.
A44: F043 | B44: Event | C44: DPM58, DPM106 | D44: DPM58 Name of creating application [MUST, 1..1] …/creatingApplication/creatingApplicationName The engine's vendor and product edition, as registered in the agent registry; the same as the agentName of the engine agent, the executing program of the normalisation event (DPM106). The edition is part of the identity: the .NET, Java and C++ editions of Aspose.PDF are distinct products. Example: Aspose.PDF for C++ DPM106 Normalisation [MUST, 1 per converted master] event[eventType='normalization'] Conversion of a published PDF to its PDF/A preservation master by the WTO conversion program. Linked objects: the published PDF (source), the master (outcome) and, where one is held, the conversion log (outcome). Executing program: the conversion engine, Aspose.PDF for C++ (DPM57). Event detail: target_level: PDF/A-2b. Outcome detail note: the alterations and removals reported by the engine, or none. In a master_reconversion version, further details: supersedes: <UUID>, the master replaced; reason: <the defect found>; and, where a conversion parameter was changed, parameter: <name>: <value>. Not written where conversion was skipped (see *Open items*). Side: preparation. Example: target_level: PDF/A-2b | E44: Normalization executing program | F44: 1 | G44: Aspose.PDF for .NET. | H44: Profile specifies Aspose.PDF for C++, and the edition is part of the agent's identity. Confirm which edition the PoC uses; correct the label or the profile. | I44: Developer: confirm which Aspose edition the conversion program uses. If C++, correct the label. If .NET, tell the profile owner so DPM57 and DPM58 change. | J44: Suspected defect | K44: Engine identity (edition and version) | L44: EG / implementation | M44: In progress | N44: 2026-10-15 implementation response: Confirmed from .csproj and Program.cs: Aspose.PDF for .NET, package 25.10.0. Propose correcting profile C++ references.
A45: F044 | B45: Event | C45: DPM107 | D45: DPM107 Conformance validation [MUST, 1 per master] event[eventType='validation'] The passing veraPDF validation of a master. Linked objects: the master (source), the veraPDF report (outcome). Executing program: veraPDF. Event detail: validation_profile: PDF/A-2B, the veraPDF profile applied; its version is that of the veraPDF agent (DPM84). Outcome detail note: the accepted warnings, reviewer and reason, where warnings were accepted. Side: preparation. Example: validation_profile: PDF/A-2B | E45: Validation (f0af495b-…) | F45: 1 | G45: Links the master only, without role; no report; no validation_profile. | H45: Master as source, veraPDF report as outcome; detail validation_profile: PDF/A-2B. | I45: Validation event: master UUID with role source, veraPDF report UUID with role outcome; eventDetail validation_profile: PDF/A-2B. | J45: Non-conformance | K45: None — fixable now | L45: EG / implementation | M45: In progress | N45: 2026-10-15 implementation response: Validation source/outcome UUIDs and validation_profile: PDF/A-2B.
A46: F045 | B46: Event | C46: DPM108 | D46: DPM108 Fidelity review [MUST, 1 per converted master] event[eventType='qualityReview'] The accepting QA decision on a master's fidelity to its source. Local event type (no LoC equivalent; see *Open items* for its namespace). Linked objects: the master (source), the QA report (outcome). Executing program: the QA stage script ([SCRIPT-STEP-5]), whose tagged release pins the comparison libraries it uses (pypdf, pdfminer.six); where sampled for manual review, also the reviewer as implementer. Event detail: sampled: true or false. Outcome detail note: the adjudicated reason for any flagged difference. Side: preparation. Example: sampled: false | E46: Quality assurance (2f108447-…) | F46: 1 | G46: Type quality assurance; links the master only; no sampled detail; no report. | H46: Type qualityReview (local); master as source, QA report as outcome; detail sampled: true or false. | I46: Event type qualityReview with authority="local"; master UUID with role source, QA report UUID with role outcome; eventDetail sampled: false (or true). | J46: Non-conformance | K46: None — fixable now | L46: EG / implementation | M46: In progress | N46: 2026-10-15 implementation response: Local qualityReview, master source, QA report outcome, sampled:false. Manual adjudication workflow remains outside this implementation.
A47: F046 | B47: Event | C47: DPM109 | D47: DPM109 Format identification [MUST, 1 per version that adds a file object other than a DOME record] event[eventType='format identification'] The identification of the files in this version's SIP, other than the DOME record (DPM49), together with the published PDFs of its new masters, which are identified in the same run but not held. DROID runs per batch; its report is generated per JOB_ID, so each package holds only its own results. Written per object. Linked objects: each file object identified (no role); the DROID report for this JOB_ID (outcome), which also lists the published PDFs (DPM40). Executing program: DROID, its version including the signature file (DPM84). Event detail: batch_id: <UUID>. Outcome detail note: the operator's resolution of any file DROID could not identify uniquely (DPM49). Side: preparation. Example: batch_id: 3113aa86-311d-441f-a39b-08ba19065b9e; outcome the DROID report at documentation/2026_012017_ff_droid.csv | E47: Format identification (d5f4e12d-…) | F47: 1 | G47: Links 2 of 8 files; no DROID report as outcome; no batch_id. | H47: Every file object identified in the version other than DOME and the DROID report itself (and including the published PDF), DROID report as outcome; detail batch_id: <UUID>. | I47: Run DROID over every file in the version except DOME (DPM49) plus the published PDF. Link each file object (UUID, no role) and the DROID report (role outcome); eventDetail batch_id: [BATCH-UUID]. | J47: Non-conformance | K47: None — fixable now | L47: EG / implementation | M47: In progress | N47: 2026-10-15 implementation response: Optional post-conversion DROID includes new derived evidence and sources; full identification requires installed tool/signature configuration. Strict mode blocks missing PUIDs.
A48: F047 | B48: Event | C48: DPM109 | D48: DPM109 Format identification [MUST, 1 per version that adds a file object other than a DOME record] event[eventType='format identification'] The identification of the files in this version's SIP, other than the DOME record (DPM49), together with the published PDFs of its new masters, which are identified in the same run but not held. DROID runs per batch; its report is generated per JOB_ID, so each package holds only its own results. Written per object. Linked objects: each file object identified (no role); the DROID report for this JOB_ID (outcome), which also lists the published PDFs (DPM40). Executing program: DROID, its version including the signature file (DPM84). Event detail: batch_id: <UUID>. Outcome detail note: the operator's resolution of any file DROID could not identify uniquely (DPM49). Side: preparation. Example: batch_id: 3113aa86-311d-441f-a39b-08ba19065b9e; outcome the DROID report at documentation/2026_012017_ff_droid.csv | E48: Format identification timing | F48: 1 | G48: Timestamped 13:10:38, before the normalisation (13:10:47), and links the master path. By design DROID runs before conversion and identifies the _src PDF, not the master (Workflow Documentation v2.5 §4.6; the DROID CSV lists the DOCX, fmt/412, and the _src PDF, fmt/276). The event therefore links an object DROID never read, and the master is never identified. | H48: The event links the files DROID identified: the authoring source and the published PDF (DPM40), not the master; the master is identified after normalisation (fmt/477, DPM49). | I48: Developer: link the DROID event to the objects DROID read (the DOCX and the published PDF object, F013); identify the master after conversion and record its PUID (F016). Workflow tab: W05. | J48: Non-conformance | K48: None — fixable now | L48: EG / implementation | M48: In progress | N48: 2026-10-15 implementation response: Source-only DROID links received source IDs; optional post-conversion identification adds master/evidence IDs. Review still needed for skipped-conversion characterization semantics.
A49: F048 | B49: Event | C49: DPM116 | D49: DPM116 Descriptive metadata creation [MUST, 1..1 per AIP] event[eventType='creation'] The object's first DOME record, written in v1. Linked objects: the intellectual entity (no role); the DOME file (outcome). Executing program: the DOME script. Event detail: cat_header_id: <value>, the DOL catalogue record ID (CatHeaderId) from which the DOME record was built, through which DOL links the metadata fields used; DOME does not contain it, so this is its only record in the package. Side: preparation. Example: cat_header_id: [DOL-RECORD-ID] | E49: DOME event | F49: 0 | G49: Absent. | H49: For the first DOME record (v1): a descriptive metadata creation event (DPM116), linking the intellectual entity (no role) and the DOME file (outcome), with event detail cat_header_id. | I49: Add a creation event (eventType creation, @valueURI http://id.loc.gov/vocabulary/preservation/eventType/cre; first detail descriptive metadata creation (DPM116); second detail cat_header_id: <DOL CatHeaderId>) linking [OBJECT-UUID] without role and the DOME file UUID with role outcome; executing program the DOME script, authorizer the operator. | J49: Non-conformance | K49: None — fixable now | L49: EG / implementation | M49: In progress | N49: 2026-10-15 implementation response: DOME creation links IE and DOME output with CatHeaderId now selected from SQL. Missing CatHeaderId is a draft gap.
A50: F049 | B50: Event | C50: DPM111 | D50: DPM111 SIP creation [MUST, 1..1 per version created from a SIP] event[eventType='information package creation'] The SIP built at step 7; the last event written on the preparation side. Linked object: the intellectual entity. Event details, each in its own eventDetailInformation: sip_id: <UUID>, the SIP's own UUID (DPM8, DPM23); selection_basis: <value>, from vocODRNSSelectionBasis (see *Controlled vocabularies*); batch_id: <UUID>; languages: <language codes>, the language versions held in the version once committed, comma-separated (e.g. en, es); for a re-issue or a master reconversion, changed_languages: <language codes>. Outcome detail note: package type: SIP. Side: preparation. Example: sip_id: 8db4332b-de6e-4322-bbb6-3e9e5629bc19; selection_basis: new_document; batch_id: 3113aa86-311d-441f-a39b-08ba19065b9e; languages: en | E50: SIP creation | F50: 0 | G50: Absent. | H50: Last preparation-side event, linking the IE; details sip_id, selection_basis (new_document), batch_id, languages: es; note package type: SIP. | I50: Add the SIP creation event as the last preparation-side event: eventType information package creation; linked object [OBJECT-UUID]; details sip_id: [SIP-UUID], selection_basis: new_document, batch_id: [BATCH-UUID], languages: es; outcome success with note package type: SIP. Workflow tab: W10. | J50: Non-conformance | K50: None — fixable now | L50: EG / implementation | M50: In progress | N50: 2026-10-15 implementation response: SIP creation last on preparation side, sip_id/batch_id/languages/selection_basis details. Selection is proposed from byte/language differences or explicit CLI override; LastDmsAction semantics pending.
A51: F050 | B51: Event | C51: DPM112, DPM113, DPM117 | D51: DPM112 Ingest fixity verification [MUST, 1..1 per version created from a SIP] event[eventType='fixity check'] The bag verified against its SHA-512 manifest on receipt at step 8 (verified outcome only). Linked object: the intellectual entity. Event details, each in its own eventDetailInformation: sip_id: <UUID>, the SIP whose bag was verified (as in DPM111); package_manifest: manifest-sha512.txt. Outcome detail note: the bag's Payload-Oxum. Side: ingest. Example: sip_id: 8db4332b-de6e-4322-bbb6-3e9e5629bc19; outcome detail note Payload-Oxum: 1468230.7 DPM113 AIP creation [MUST, 1..1 per version] event[eventType='information package creation'] The AIP version written to OCFL at step 9. Linked object: the intellectual entity, whose UUID also names the AIP (DPM23). Event detail: ocfl_version: vN. Outcome detail note: package type: AIP. Its authorizer and time agree with the version's commit record (DPM14). Side: ingest. Example: ocfl_version: v1 DPM117 PREMIS of the AIP version [MUST, 1..1 per AIP version created from a SIP] metadata/preservation/{JOB_ID}_premis.xml as committed at step 9 The premis.xml committed in an AIP version created from a SIP is the SIP's premis.xml with exactly these additions, appended by the ingest side: the ingest fixity verification event (DPM112), the AIP creation event (DPM113), and a description of each executing program of those two events not already described (DPM78). Nothing else differs from the SIP's file. It is the file read as the predecessor by the next version (DPM2). | E51: Ingest fixity verification; AIP creation | F51: 0 | G51: Absent. The file is the AIP's PREMIS: it is metadata/2026_011922_premis.xml in the v1 state of the OCFL inventory (SHA-512 0563f1ff…, identical to the file reviewed). v1 was committed 2026-10-09T13:10:59Z without the ingest side's events. | H51: Appended by the ingest side before commit: ingest fixity verification (DPM112) and AIP creation (DPM113, ocfl_version: v1), and a description of the ingest software agent (DPM117). | I51: Ingest side: after bag verification, parse the SIP's PREMIS and append DPM112 and DPM113 with the ingest software agent; validate (DPM10) and run the DPM14 checks before commit. Since v1 was committed without them, those checks are not implemented: a failure must hold the bag and commit nothing (DPM3). | J51: Non-conformance | K51: None — fixable now | L51: EG / implementation | M51: In progress | N51: 2026-10-15 implementation response: Ingest copies SIP into workspace, appends DPM112 and DPM113 plus agent descriptions, validates schemas and agreement before OCFL commit. Received bag remains byte-identical.
... A55: F054 | B55: Agent | C55: Element order | D55: Element order (Placement and file model) Element order. The PREMIS 3.0 schema fixes the entity sequence: objects, then events, then agents, then rights. Within each, elements carried from the predecessor keep their place, and the elements a version adds follow them (DPM4), so that each version's file begins with its predecessor's elements, entity by entity. Within the elements one version adds: objects by intellectual entity, then representations, then files in logical-path order, a published PDF (which has no logical path, DPM40) immediately before the master derived from it; events in chronological order; agents in order of first reference. A relationship added to an existing object follows that object's existing relationships (DPM4). The order carries no semantics; it exists so that two correct writers produce comparable files, and so that a version's additions can be checked as an extension of its predecessor. | E55: Sequence of agents | F55: 5 agents | G55: Alphabetical. | H55: In order of first reference. | I55: Write agents in order of first reference in the events, not alphabetically. | J55: Non-conformance | K55: None — fixable now | L55: EG / implementation | M55: In progress | N55: 2026-10-15 implementation response: Agents emitted at first event/fixity reference; predecessor order retained. Digest-originator references may precede event reference and need profile-owner confirmation.
A56: F055 | B56: Profile | C56: Element order; Example 1 | D56: Element order (Placement and file model) Element order. The PREMIS 3.0 schema fixes the entity sequence: objects, then events, then agents, then rights. Within each, elements carried from the predecessor keep their place, and the elements a version adds follow them (DPM4), so that each version's file begins with its predecessor's elements, entity by entity. Within the elements one version adds: objects by intellectual entity, then representations, then files in logical-path order, a published PDF (which has no logical path, DPM40) immediately before the master derived from it; events in chronological order; agents in order of first reference. A relationship added to an existing object follows that object's existing relationships (DPM4). The order carries no semantics; it exists so that two correct writers produce comparable files, and so that a version's additions can be checked as an extension of its predecessor. | E56: Profile text | F56: — | G56: The rule orders files by logical path (documentation/ before representations/), but Example 1 shows the master before the veraPDF report. | H56: Align the rule and the example. | I56: Profile owner: order Example 1 by logical path, or restate the rule. No change to the Python writer. | J56: Profile issue | K56: — | M56: Closed | N56: Resolved in the profile, 2026-10-12: Example 1 reordered to follow the rule (files in logical-path order, the published PDF immediately before its master). No change to the Python writer. 2026-10-15 implementation response: Original review closure/profile issue retained; no implementation closure asserted.
A57: F056 | B57: File | C57: DPM118, DPM106 | D57: DPM118 Conversion log [MUST, 1..1 per held conversion log] object[@xsi:type='file']/relationship on a conversion log dependency / isConversionLogOf (local subtype), related object the master, related event the normalisation (DPM106). Written where a conversion log is held (see *Open items*, *Conversion program*). Example: related object 3aaa37c1-1f81-48f5-8144-cd222bfa84c7 (the English master), related event 6310d573-4066-4796-8c3c-6bcff1f956fc (the normalisation) DPM106 (extract): Linked objects: the published PDF (source), the master (outcome) and, where one is held, the conversion log (outcome). | E57: Conversion log (documentation/…_conv_aspose.xml) | F57: 1 | G57: Held and described, but carries only structural / is part of → ec1921e0-…; not linked from the normalisation event. | H57: dependency / isConversionLogOf (local) → the master, with relatedEventIdentifier → the normalisation; linked as a second outcome of the normalisation event. | I57: On the conversion log: replace the structural relationship (F020) with relationship dependency / isConversionLogOf (authority="local") → [master UUID], with relatedEventIdentifier type UUID, value the normalisation event UUID. On the normalisation event: add linkingObjectIdentifier [conversion log UUID] with role outcome (F042). | J57: Non-conformance | K57: None — fixable now | L57: EG / implementation | M57: In progress | N57: 2026-10-15 implementation response: Conversion log is a second normalization outcome and dependency/isConversionLogOf with related event UUID.
A58: F057 | B58: Profile | C58: Controlled vocabularies (vocPREMISIdentifierTypes); Example 1 | D58: Controlled vocabularies Values from [LoC-PV] carry @authority, @authorityURI and @valueURI (DPM91); local values carry @authority="local" until this profile's namespace is defined (see Open items), except identifier types, which are written as plain values (vocPREMISIdentifierTypes). Every @valueURI listed was checked against [LoC-PV] on 2026-10-12. A value from [LoC-PV] is written exactly as its authorised label, including case (e.g. is Included In, has Source). vocPREMISIdentifierTypes Source: local. Written as plain values, without @authority, @authorityURI or @valueURI (decided 2026-10-12); no term is taken from the LoC Standard Identifiers scheme. Used in: objectIdentifierType, eventIdentifierType, agentIdentifierType, linkingAgentIdentifierType, linkingObjectIdentifierType, relatedObjectIdentifierType, relatedEventIdentifierType. Values: UUID, JOB_ID, filepath. | E58: Profile text | F58: — | G58: The vocabulary is local, and local values carry @authority="local"; but Example 1 writes UUID, JOB_ID and filepath without it. The review itself was inconsistent (F009 added the attribute, F011 and F012 did not). | H58: Decide whether identifier types carry @authority="local"; align the vocabulary text and Example 1. | I58: Decided 2026-10-12: identifier types are written as plain values (UUID, JOB_ID, filepath), without @authority, as Example 1 shows. Profile owner: state this in Controlled vocabularies (vocPREMISIdentifierTypes) in v0.4. Python writer: write identifier types without @authority. | J58: Profile issue | K58: Profile decision | M58: Closed | N58: Resolved in profile v0.4 (2026-10-12): vocPREMISIdentifierTypes states that identifier types are plain values. Writer action: F009, F011, F012. 2026-10-15 implementation response: Identifier types are plain UUID/JOB_ID/filepath with no authority attributes.
A59: F058 | B59: Profile | C59: vocPREMISRelationship; DPM67, DPM72, DPM74, DPM75; Example 1 | D59: vocPREMISRelationship Source: [LoC-PV] Relationship Type and Relationship Subtype; local subtypes as marked. structural / includes — …/relationshipSubType/inc (DPM71, DPM73) structural / is Included In — …/relationshipSubType/isi (DPM72, DPM74) derivation / has Source — …/relationshipSubType/hss (DPM75) DPM67 Subtype of the relationship [MUST, 1..1] object/relationship/relationshipSubType From the LoC relationship subtype vocabulary, or a local subtype defined in the *Relationship catalogue*. Example: has Source DPM72 Inclusion in the intellectual entity [MUST, 1..1 per representation] object[@xsi:type='representation']/relationship structural / is Included In, related object the intellectual entity. Example: 9cad434a-aedd-4955-bc53-1f1e3c1c882a DPM74 Inclusion in a representation [MUST, 1..1 per held file in a representation] object[@xsi:type='file']/relationship structural / is Included In, related object the representation holding the file. Files under metadata/ and documentation/ (DOME, the veraPDF, QA and DROID reports, the conversion log) belong to no representation and carry none. Example: 864aaa6f-ea0f-40d4-a83d-4be03b108e55 (rep_2) DPM75 Derivation from the published PDF [MUST, 1..1 per converted master] object[@xsi:type='file']/relationship on a master derivation / has Source, related object the published PDF (DPM40), related event the normalisation (DPM106). Not written where conversion was skipped (see *Open items*). Example: related object 66a05ffa-9f3c-4f65-a8ed-0eb84c4e31b2 (the English published PDF), related event 6310d573-4066-4796-8c3c-6bcff1f956fc (the normalisation) | E59: Profile text | F59: — | G59: Profile v0.3 wrote is included in and has source. The LoC authorised labels (id.loc.gov, checked 2026-10-12) are is Included In (…/isi) and has Source (…/hss); includes matches. All other LoC values the profile writes match their labels. | H59: Labels copied from an authority are written exactly as authorised. | I59: Profile owner: change the two labels in vocPREMISRelationship, DPM72, DPM74, DPM75 and Example 1 (v0.4). Python writer: take labels from the Controlled values tab. | J59: Profile issue | K59: Profile decision | M59: Closed | N59: Resolved in profile v0.4 (2026-10-12): LoC labels are written exactly as authorised (is Included In, has Source). Writer action: F010, F020, F021. 2026-10-15 implementation response: Exact authorized labels includes, is Included In and has Source used.
A60: F059 | B60: General | C60: DPM12 | D60: DPM12 Agreement with the OCFL inventory and the predecessor [MUST, 1..1 per held file] object/objectCharacteristics/fixity/messageDigest Before commit, the ingest side checks that PREMIS agrees with the OCFL inventory on the held files, and with the predecessor's PREMIS: (a) every file in the new version, except {JOB_ID}_mets.xml, metadata/preservation/{JOB_ID}_premis.xml and the files under schemas/, is described in PREMIS by a file object with the same filepath (DPM41) and the same SHA-512; (b) every file held in the new version or any earlier one — each logical path with each SHA-512 it has had in any version's state, except {JOB_ID}_mets.xml, metadata/preservation/{JOB_ID}_premis.xml and the files under schemas/ — is described by a file object with that filepath and SHA-512 (a superseded file; see *Superseded files*), and every file object with a filepath is one of them; (c) every master new in the version whose derivation (DPM75) relates it to a published PDF already described in the predecessor belongs to a master_reconversion version, and its normalisation names the master it supersedes (DPM106); (d) in v2 and later, every object, event and agent element of the head version's premis.xml is present in the new one, unchanged except for relationships added after an object's existing ones (DPM4). If any check fails, nothing is committed and the bag is held. METS.xml, premis.xml and the files under schemas/ are not described in PREMIS; their fixity is recorded in the inventory only. | E60: PREMIS file objects vs OCFL inventory v1 state | F60: 8 file objects | G60: All 8 file objects match a file in the v1 state by path and SHA-512. The only v1 files not described are the PREMIS and METS files, as required. The METS digest also matches the inventory. | H60: Agreement by filepath and SHA-512. | I60: None (closed). | J60: Question | K60: — | M60: Closed | N60: Resolved in review: DPM12 holds for v1. In v2 and v3, (a) holds but (b) and (d) fail (Versions row 13); those are F061 and F060. No action for the Python writer under this finding. 2026-10-15 implementation response: Original review closure/profile issue retained; no implementation closure asserted.
A61: F060 | B61: Versions | C61: DPM2, DPM3, DPM4, DPM117 | D61: DPM2 Creation from the held predecessor [MUST, —] steps 6–7 For v1 the preparation side writes a new file. For v2 and later it reads the head-version premis.xml from the OCFL object and writes the new SIP's PREMIS as that file plus the elements of the new version (DPM4). It records in every bag, in bag-info.txt, the OCFL version of the object the SIP was built on, as DPR-Predecessor-OCFL-Version: vN, or DPR-Predecessor-OCFL-Version: none for a new object. The ingest side commits the SIP only if the value matches the object's current state: vN equal to the head in the root inventory.json, or none with no object at the storage path. A missing field or a mismatch holds the bag; a mismatch is resolved by rebuilding the SIP on the current head. The preparation side has read access to DPR/AIP; only the ingest side writes to it. DPM4 Append-only across versions [MUST, —] premis/* A version's PREMIS contains every element of its predecessor, unchanged in content, plus new elements. Existing object, event, agent and rights elements are never deleted or altered, with one exception: a new relationship may be added to an existing object, after its existing relationships (e.g. includes on a representation that gains a file). An object no longer in the head state remains described: it is still held in an earlier version. DPM3 Ingest appends, never regenerates [MUST, —] step 9 After the bag has been verified (DPM112), its DPR-Predecessor-OCFL-Version confirmed against the object (DPM2), and its identifiers confirmed against the SIP (External-Identifier equal to the SIP's UUID, as the SIP METS @OBJID and DPM111's sip_id; Internal-Sender-Identifier equal to the intellectual entity's JOB_ID; DPR-Object-UUID equal to its UUID; a mismatch holds the bag), the ingest side parses the SIP's PREMIS and appends the ingest fixity verification (DPM112) and AIP creation (DPM113) events, with a description of each of their executing programs not already described (DPM78). It then validates the result (DPM10), rewrites METS.xml with the new PREMIS digest and the AIP package type (DPM11; the METS profile), checks digest agreement (DPM12) and commits the version with its commit record (DPM14). A failure at any point holds the bag and commits nothing. Every element received in the SIP's PREMIS is carried forward unchanged; preparation-side provenance exists nowhere else. DPM117 PREMIS of the AIP version [MUST, 1..1 per AIP version created from a SIP] metadata/preservation/{JOB_ID}_premis.xml as committed at step 9 The premis.xml committed in an AIP version created from a SIP is the SIP's premis.xml with exactly these additions, appended by the ingest side: the ingest fixity verification event (DPM112), the AIP creation event (DPM113), and a description of each executing program of those two events not already described (DPM78). Nothing else differs from the SIP's file. It is the file read as the predecessor by the next version (DPM2). | E61: premis/* across v1 → v2 → v3 | F61: 2 version transitions | G61: Each version's PREMIS is regenerated, not appended. v2 carries none of the 6 v1 events; v3 none of the 11 v2 events. Of the 20 top-level elements of v1, 7 recur unchanged in v2; of v2's 30, 8 in v3. Each version describes only its own run, so the head PREMIS (v3) holds no record of how v1 and v2 came to be; that record survives only in the superseded premis.xml files in v1/ and v2/. | H61: Each version's PREMIS is its predecessor's, every element unchanged, plus the version's additions. | I61: Preparation side: read the head premis.xml from the OCFL object (DPM2) and append the version's new objects, relationships, events and agents; never regenerate. Record DPR-Predecessor-OCFL-Version in bag-info.txt. Ingest side: check that the predecessor's elements are carried unchanged before commit (DPM12 (d)). Workflow tab: W03, W06. | J61: Non-conformance | K61: None — fixable now | L61: EG / implementation | M61: In progress | N61: 2026-10-15 implementation response: Read predecessor PREMIS from the repository head; append entities/relationships only. Predecessor head checked by PoC8, PoC9 and again immediately before commit.
A62: F061 | B62: Versions | C62: DPM4; Superseded files; DPM12 (b) | D62: DPM4 Append-only across versions [MUST, —] premis/* A version's PREMIS contains every element of its predecessor, unchanged in content, plus new elements. Existing object, event, agent and rights elements are never deleted or altered, with one exception: a new relationship may be added to an existing object, after its existing relationships (e.g. includes on a representation that gains a file). An object no longer in the head state remains described: it is still held in an earlier version. Superseded files (Modification by version type) A re-issue, a metadata change or a master reconversion writes new bytes at an existing logical path. The new file is a new object with a new file_id (DPM8). The predecessor's object stays in PREMIS unchanged, since it is still held in its version. The representation gains an includes relationship to the new file; its relationship to the predecessor is not removed. Which file is current at the head is answered by the OCFL head state, not by PREMIS. DPM12 Agreement with the OCFL inventory and the predecessor [MUST, 1..1 per held file] object/objectCharacteristics/fixity/messageDigest Before commit, the ingest side checks that PREMIS agrees with the OCFL inventory on the held files, and with the predecessor's PREMIS: (a) every file in the new version, except {JOB_ID}_mets.xml, metadata/preservation/{JOB_ID}_premis.xml and the files under schemas/, is described in PREMIS by a file object with the same filepath (DPM41) and the same SHA-512; (b) every file held in the new version or any earlier one — each logical path with each SHA-512 it has had in any version's state, except {JOB_ID}_mets.xml, metadata/preservation/{JOB_ID}_premis.xml and the files under schemas/ — is described by a file object with that filepath and SHA-512 (a superseded file; see *Superseded files*), and every file object with a filepath is one of them; (c) every master new in the version whose derivation (DPM75) relates it to a published PDF already described in the predecessor belongs to a master_reconversion version, and its normalisation names the master it supersedes (DPM106); (d) in v2 and later, every object, event and agent element of the head version's premis.xml is present in the new one, unchanged except for relationships added after an object's existing ones (DPM4). If any check fails, nothing is committed and the bag is held. METS.xml, premis.xml and the files under schemas/ are not described in PREMIS; their fixity is recorded in the inventory only. | E62: File objects across versions | F62: es master ×2, fr master ×1, and their reports | G62: Superseded files are no longer described. The v1 es master (SHA-512 031ad184…) is not in the v2 or v3 PREMIS; the v2 es and fr masters (c3713849…, bebeae14…) are not in v3; likewise the superseded veraPDF and QA reports, conversion logs, DROID report, DOME and dome_sql_extraction.json. Files are identified by path, so a new file at a path replaces the old one's description. | H62: A superseded file stays described as its own object with its own UUID; the representation keeps its includes to it and gains one to the new file. | I62: Identify files by UUID (F011). When new bytes arrive at an existing path, add a new file object and keep the old one unchanged (DPM4). Workflow tab: W03. | J62: Non-conformance | K62: None — fixable now | L62: EG / implementation | M62: In progress | N62: 2026-10-15 implementation response: Superseded objects kept unchanged; payload-history agreement checks path+SHA-512 across all version states.
A63: F062 | B63: Versions | C63: Modification by version type | D63: Modification by version type New language version (v2+), language_added (proposed): objects appended — the new language's held files and published PDF; new reports; new DROID report. Events appended — DPM103–DPM109 for the new files; DPM110 if DOME changes; DPM111–DPM113. Re-issue (v2+), modified_files: the changed language versions' new published PDFs, masters and reports. | E63: rep_2 masters and their reports, v2 and v3 | F63: es master in v2 and v3; fr master in v3 | G63: The published PDFs did not change between versions (QA report source.sha512: es 9986bff4… in v1–v3; fr b2563a60… in v2–v3), yet the es master was converted again in v2 and v3 and the fr master in v3. The new masters differ from their predecessors only in ModDate, XMP ModifyDate and the document ID (13 to 17 bytes); their veraPDF and QA reports and conversion logs were regenerated, and dome_sql_extraction.json differs only in extracted_utc. OCFL therefore stores three es masters and two fr masters. The DOCX files are written once and carried forward, as expected. This is the design: Workflow Documentation v2.5 §4.4 invalidates all derived masters, reports and metadata when any source changes or a new file arrives (contradicting its own §5.1). | H63: A version converts only language versions that are new or whose published PDF changed. | I63: Developer: in PoC 1, invalidate only the outputs derived from a new or changed source; carry the held masters and reports of unchanged sources forward, and do not regenerate dome_sql_extraction.json unless the DOL metadata changed. Workflow tab: W01, W02, W09. | J63: Non-conformance | K63: None — fixable now | L63: EG / implementation | M63: In progress | N63: 2026-10-15 implementation response: Existing source/master/report work reused after fixity checks. SQL extraction and DOME change only with SQL content. Explicit master_reconversion routing remains unimplemented.
A64: F063 | B64: Versions | C64: DPM92 | D64: DPM92 Time of the event [MUST, 1..1] event/eventDateTime The time the event completed: RFC 3339 date-time in UTC (Z), to the second. Example: 2026-10-12T08:41:52Z | E64: event/eventDateTime, v2 and v3 | F64: v2: 4 groups; v3: 4 groups | G64: Events of one step share the timestamp to the microsecond: in v2 the four ingestion events (13:11:43.922745Z), the two normalisations (13:12:18.276187Z), the two validations and the two QA events; in v3 the six ingestion events and the three normalisations, validations and QA events. The time is that of the batch step, not of each event. | H64: Each event's own completion time. | I64: Take eventDateTime when each event completes, not once per step. The format of F031 applies. | J64: Non-conformance | K64: None — fixable now | L64: EG / implementation | M64: In progress | N64: 2026-10-15 implementation response: New records capture operation completion timestamps. Legacy record timestamps are fallback approximations; do not claim historical per-operation precision.
A65: F064 | B65: Versions | C65: F001–F055 | D65: All requirements cited in F001–F055. | E65: v2 and v3 PREMIS | F65: 2 files | G65: The v2 and v3 PREMIS repeat every v1 pattern: CRLF and the ElementTree declaration; premis: prefix; the intellectual entity typed as representation; local-path identifiers (13 and 18 file objects); MIME-type formats; no published PDF; agents identified by name; event UUIDs version 5. | H65: As F001–F055. | I65: No separate action: fixing the writer for F001–F055 fixes later versions from the next run. The committed v1–v3 stay as they are (DPM4); whether test objects are re-ingested is for the profile owner. Workflow tab: W15. | J65: Non-conformance | K65: None — fixable now | L65: EG / implementation | M65: In progress | N65: 2026-10-15 implementation response: Forward fixes only. No committed production inventory or PREMIS version is rewritten; migration of legacy bare inventory IDs is intentionally rejected in profile mode.
A66: F065 | B66: Versions | C66: DPM102, DPM103, DPM104 | D66: DPM102 Ingestion start [MUST, 1..1 per AIP] event[eventType='ingestion start'] Written once per AIP, in v1: by the run that first acquires a language version for a JOB_ID with no AIP, and mints the object's UUID. Not repeated in later versions. Linked object: the intellectual entity. Side: preparation. DPM103 Digest calculation [MUST, 1 per extracted file and per master] event[eventType='message digest calculation'] The SHA-512 struck on a file when it first exists in the pipeline: on each rep_1 file and each published PDF as extracted from DOL, and on each master as created. Its executing program is the file's fixity originator (DPM47). Linked object: the file. Side: preparation. DPM104 Copy fixity verification [MUST, 1 per extracted file] event[eventType='fixity check'] The copy out of DOL re-hashed and verified against its digest calculation (DPM103). Linked object: the file (for a published PDF, the object describing it). Side: preparation. | E66: ingestion events, v2 and v3 | F66: v2: 4; v3: 6 | G66: Ingestion events are written in every version, two per language present: 2 in v1, 4 in v2, 6 in v3, all linking ec1921e0-… (the intellectual entity). In v2 and v3 they also cover the languages already held. | H66: Ingestion start once per AIP, in v1 only. In later versions, digest calculation and copy fixity verification for the new language's extracted files only. | I66: Write ingestion start only when the object is created (v1). For v2 and later, write DPM103 and DPM104 per new extracted file (DOCX, published PDF), linking each file's UUID (F040). | J66: Non-conformance | K66: None — fixable now | L66: EG / implementation | M66: In progress | N66: 2026-10-15 implementation response: Ingestion start only once; digest/fixity events are added only for newly described sources.
A67: F066 | B67: Versions | C67: DPM109 | D67: DPM109 Format identification [MUST, 1 per version that adds a file object other than a DOME record] event[eventType='format identification'] The identification of the files in this version's SIP, other than the DOME record (DPM49), together with the published PDFs of its new masters, which are identified in the same run but not held. DROID runs per batch; its report is generated per JOB_ID, so each package holds only its own results. Written per object. Linked objects: each file object identified (no role); the DROID report for this JOB_ID (outcome), which also lists the published PDFs (DPM40). Executing program: DROID, its version including the signature file (DPM84). Event detail: batch_id: <UUID>. Outcome detail note: the operator's resolution of any file DROID could not identify uniquely (DPM49). Side: preparation. Example: batch_id: 3113aa86-311d-441f-a39b-08ba19065b9e; outcome the DROID report at documentation/2026_012017_ff_droid.csv | E67: format identification events, v2 and v3 | F67: v2: 1 unchanged file; v3: 2 | G67: The v2 event links the es DOCX, unchanged since v1 (SHA-512 d7aa205f… in v1–v3); the v3 event links the es and fr DOCX, both unchanged. The timing fault of F047 recurs: in both versions the event is dated before the normalisations it follows (v2 13:12:09 vs 13:12:18; v3 13:13:39 vs 13:13:49), yet links the masters. | H67: Identify only the files the version adds, and the published PDFs of its new masters; files carried forward were identified in the version that added them. | I67: Run DROID over the version's new files only (and the published PDFs of new masters), after normalisation, and link those files. Depends on F062: if unchanged language versions are no longer reprocessed, the scope follows. Workflow tab: W01, W05, W14. | J67: Non-conformance | K67: None — fixable now | L67: EG / implementation | M67: In progress | N67: 2026-10-15 implementation response: Post-conversion DROID filters to new/changed files; carried files reuse predecessor objects. Source characterization remains a separate pre-conversion check.
A68: F067 | B68: Versions | C68: DPM110 | D68: DPM110 Descriptive metadata revision [MUST, 1 per DOME file written after v1] event[eventType='metadata modification'] A DOME record written in v2 or later, replacing the previous one at its path (see *Superseded files*). Linked objects: the intellectual entity (no role); the new DOME file (outcome); the previous DOME file (source). Executing program: the DOME script. Event detail: cat_header_id: <value>, as for DPM116. Side: preparation. Example: cat_header_id: [DOL-RECORD-ID] | E68: DOME revision events, v2 and v3 | F68: 2 (expected 2) | G68: DOME was rewritten in v2 (French added) and v3 (English added): the diff shows the new <file> entries for the added language. Neither version has a descriptive metadata revision event. | H68: One metadata modification event per DOME file written after v1, linking the intellectual entity (no role), the new DOME file (outcome) and the previous DOME file (source). | I68: For each DOME written in v2 and later: add a metadata modification event (DPM110; @valueURI http://id.loc.gov/vocabulary/preservation/eventType/mem) linking [OBJECT-UUID] without role, the new DOME file UUID with role outcome and the predecessor DOME file UUID with role source, and event detail cat_header_id: <DOL CatHeaderId>; executing program the DOME script, authorizer the operator. The predecessor stays described (F061). Workflow tab: W01, W08. | J68: Non-conformance | K68: None — fixable now | L68: EG / implementation | M68: In progress | N68: 2026-10-15 implementation response: DOME revision is a metadata modification event with predecessor DOME source and new DOME outcome; stable SQL leaves DOME byte-identical.

Sheet Controlled values
A1: Element | B1: Value | C1: @authority | D1: @authorityURI | E1: @valueURI | F1: Profile rules | G1: PoC writes (v1)
A2: messageDigestAlgorithm | B2: SHA-512 | C2: cryptographicHashFunctions | D2: http://id.loc.gov/vocabulary/preservation/cryptographicHashFunctions | E2: http://id.loc.gov/vocabulary/preservation/cryptographicHashFunctions/sha512 | F2: DPM45 | G2: SHA-512, without attributes
A3: formatRegistryRole | B3: specification | C3: formatRegistryRole | D3: http://id.loc.gov/vocabulary/preservation/formatRegistryRole | E3: http://id.loc.gov/vocabulary/preservation/formatRegistryRole/spe | F3: DPM56 | G3: absent
A4: relationshipType | B4: structural | C4: relationshipType | D4: http://id.loc.gov/vocabulary/preservation/relationshipType | E4: http://id.loc.gov/vocabulary/preservation/relationshipType/str | F4: DPM66, DPM71–DPM74 | G4: structural, without attributes
A5: relationshipType | B5: derivation | C5: relationshipType | D5: http://id.loc.gov/vocabulary/preservation/relationshipType | E5: http://id.loc.gov/vocabulary/preservation/relationshipType/der | F5: DPM66, DPM75 | G5: absent
A6: relationshipType | B6: dependency | C6: relationshipType | D6: http://id.loc.gov/vocabulary/preservation/relationshipType | E6: http://id.loc.gov/vocabulary/preservation/relationshipType/dep | F6: DPM66, DPM76, DPM77, DPM118 | G6: absent
A7: relationshipSubType | B7: includes | C7: relationshipSubType | D7: http://id.loc.gov/vocabulary/preservation/relationshipSubType | E7: http://id.loc.gov/vocabulary/preservation/relationshipSubType/inc | F7: DPM71, DPM73 | G7: absent
A8: relationshipSubType | B8: is Included In | C8: relationshipSubType | D8: http://id.loc.gov/vocabulary/preservation/relationshipSubType | E8: http://id.loc.gov/vocabulary/preservation/relationshipSubType/isi | F8: DPM72, DPM74 (label: F058) | G8: is part of
A9: relationshipSubType | B9: has Source | C9: relationshipSubType | D9: http://id.loc.gov/vocabulary/preservation/relationshipSubType | E9: http://id.loc.gov/vocabulary/preservation/relationshipSubType/hss | F9: DPM75 (label: F058) | G9: absent
A10: relationshipSubType | B10: isValidationReportOf | C10: local | F10: DPM76 | G10: absent
A11: relationshipSubType | B11: isQaReportOf | C11: local | F11: DPM77 | G11: absent
A12: relationshipSubType | B12: isConversionLogOf | C12: local | F12: DPM118 | G12: absent
A13: eventType | B13: ingestion start | C13: eventType | D13: http://id.loc.gov/vocabulary/preservation/eventType | E13: http://id.loc.gov/vocabulary/preservation/eventType/ins | F13: DPM102 | G13: ingestion (×2)
A14: eventType | B14: message digest calculation | C14: eventType | D14: http://id.loc.gov/vocabulary/preservation/eventType | E14: http://id.loc.gov/vocabulary/preservation/eventType/mes | F14: DPM103 | G14: absent
A15: eventType | B15: fixity check | C15: eventType | D15: http://id.loc.gov/vocabulary/preservation/eventType | E15: http://id.loc.gov/vocabulary/preservation/eventType/fix | F15: DPM104, DPM112 | G15: absent
A16: eventType | B16: filename change | C16: eventType | D16: http://id.loc.gov/vocabulary/preservation/eventType | E16: http://id.loc.gov/vocabulary/preservation/eventType/fil | F16: DPM105 | G16: absent
A17: eventType | B17: normalization | C17: eventType | D17: http://id.loc.gov/vocabulary/preservation/eventType | E17: http://id.loc.gov/vocabulary/preservation/eventType/nor | F17: DPM106 | G17: normalization, without attributes
A18: eventType | B18: validation | C18: eventType | D18: http://id.loc.gov/vocabulary/preservation/eventType | E18: http://id.loc.gov/vocabulary/preservation/eventType/val | F18: DPM107 | G18: validation, without attributes
A19: eventType | B19: qualityReview | C19: local | F19: DPM108 | G19: quality assurance
A20: eventType | B20: format identification | C20: eventType | D20: http://id.loc.gov/vocabulary/preservation/eventType | E20: http://id.loc.gov/vocabulary/preservation/eventType/for | F20: DPM109 | G20: format identification, without attributes
A21: eventType | B21: creation | C21: eventType | D21: http://id.loc.gov/vocabulary/preservation/eventType | E21: http://id.loc.gov/vocabulary/preservation/eventType/cre | F21: DPM116 | G21: absent
A22: eventType | B22: metadata modification | C22: eventType | D22: http://id.loc.gov/vocabulary/preservation/eventType | E22: http://id.loc.gov/vocabulary/preservation/eventType/mem | F22: DPM110, DPM114 | G22: absent
A23: eventType | B23: information package creation | C23: eventType | D23: http://id.loc.gov/vocabulary/preservation/eventType | E23: http://id.loc.gov/vocabulary/preservation/eventType/ipc | F23: DPM111, DPM113 | G23: absent
A24: eventOutcome | B24: success | C24: eventOutcome | D24: http://id.loc.gov/vocabulary/preservation/eventOutcome | E24: http://id.loc.gov/vocabulary/preservation/eventOutcome/suc | F24: DPM7, DPM94 | G24: pipeline statuses (e.g. STEP_3_VERAPDF_PASSED)
A25: linkingAgentRole | B25: executing program | C25: eventRelatedAgentRole | D25: http://id.loc.gov/vocabulary/preservation/eventRelatedAgentRole | E25: http://id.loc.gov/vocabulary/preservation/eventRelatedAgentRole/exe | F25: DPM96 | G25: executing program, without attributes
A26: linkingAgentRole | B26: authorizer | C26: eventRelatedAgentRole | D26: http://id.loc.gov/vocabulary/preservation/eventRelatedAgentRole | E26: http://id.loc.gov/vocabulary/preservation/eventRelatedAgentRole/aut | F26: DPM96 | G26: absent
A27: linkingAgentRole | B27: implementer | C27: eventRelatedAgentRole | D27: http://id.loc.gov/vocabulary/preservation/eventRelatedAgentRole | E27: http://id.loc.gov/vocabulary/preservation/eventRelatedAgentRole/imp | F27: DPM96, DPM108, DPM114 | G27: absent (none required in this file)
A28: linkingObjectRole | B28: source | C28: eventRelatedObjectRole | D28: http://id.loc.gov/vocabulary/preservation/eventRelatedObjectRole | E28: http://id.loc.gov/vocabulary/preservation/eventRelatedObjectRole/sou | F28: DPM99 | G28: absent
A29: linkingObjectRole | B29: outcome | C29: eventRelatedObjectRole | D29: http://id.loc.gov/vocabulary/preservation/eventRelatedObjectRole | E29: http://id.loc.gov/vocabulary/preservation/eventRelatedObjectRole/out | F29: DPM99 | G29: absent
A30: agentType | B30: software | C30: agentType | D30: http://id.loc.gov/vocabulary/preservation/agentType | E30: http://id.loc.gov/vocabulary/preservation/agentType/sof | F30: DPM83 | G30: software, without attributes
A31: agentType | B31: person | C31: agentType | D31: http://id.loc.gov/vocabulary/preservation/agentType | E31: http://id.loc.gov/vocabulary/preservation/agentType/per | F31: DPM83 | G31: absent (no operator agent)
A32: agentType | B32: organization | C32: agentType | D32: http://id.loc.gov/vocabulary/preservation/agentType | E32: http://id.loc.gov/vocabulary/preservation/agentType/org | F32: DPM83 | G32: not used in this file

Sheet Vocabularies
A1: Scheme | B1: Scheme URI (@authorityURI) | C1: LoC page | D1: Used in | E1: Profile vocabulary | F1: Checked | G1: Notes
A2: Cryptographic Hash Functions | B2: http://id.loc.gov/vocabulary/preservation/cryptographicHashFunctions | C2: https://id.loc.gov/vocabulary/preservation/cryptographicHashFunctions.html | D2: messageDigestAlgorithm | E2: vocPREMISHashFunction | F2: 2026-10-12 | G2: SHA-512 matches; @valueURI code is sha512 (not a three-letter code).
A3: Format Registry Role | B3: http://id.loc.gov/vocabulary/preservation/formatRegistryRole | C3: https://id.loc.gov/vocabulary/preservation/formatRegistryRole.html | D3: formatRegistryRole | E3: vocPREMISFormatRegistry | F3: 2026-10-12 | G3: specification (…/spe) matches. validation profile (…/val) exists and is not used: validation is recorded by the conformance validation event (DPM107), not as a registry role (DPM56).
A4: Relationship Type | B4: http://id.loc.gov/vocabulary/preservation/relationshipType | C4: https://id.loc.gov/vocabulary/preservation/relationshipType.html | D4: relationshipType | E4: vocPREMISRelationship | F4: 2026-10-12 | G4: structural, derivation, dependency match. logical, reference and replacement are not used.
A5: Relationship Subtype | B5: http://id.loc.gov/vocabulary/preservation/relationshipSubType | C5: https://id.loc.gov/vocabulary/preservation/relationshipSubType.html | D5: relationshipSubType | E5: vocPREMISRelationship | F5: 2026-10-12 | G5: Authorised labels: includes, is Included In, has Source. The profile writes them as authorised (v0.4; F058). The PoC writes is part of, an LoC term (is Part Of, …/isp) the profile does not use.
A6: Event Type | B6: http://id.loc.gov/vocabulary/preservation/eventType | C6: https://id.loc.gov/vocabulary/preservation/eventType.html | D6: eventType | E6: vocPREMISEventType | F6: 2026-10-12 | G6: All ten LoC types the profile uses match, creation (…/cre) for DPM116 among them. No LoC term for a fidelity or quality review: qualityReview (DPM108) stays local. The PoC writes ingestion (…/ing), an LoC term the profile does not use.
A7: Event Outcome | B7: http://id.loc.gov/vocabulary/preservation/eventOutcome | C7: https://id.loc.gov/vocabulary/preservation/eventOutcome.html | D7: eventOutcome | E7: vocPREMISEventOutcome | F7: 2026-10-12 | G7: success (…/suc) matches. fail (…/fai) and warning (…/war) exist and are not used: only success is written (DPM7).
A8: Event Related Agent Role | B8: http://id.loc.gov/vocabulary/preservation/eventRelatedAgentRole | C8: https://id.loc.gov/vocabulary/preservation/eventRelatedAgentRole.html | D8: linkingAgentRole | E8: vocPREMISLinkingRole | F8: 2026-10-12 | G8: Replaces the deprecated Linking Agent Role (Event). executing program, authorizer, implementer match. validator (…/val) exists and is not used: veraPDF is linked as executing program.
A9: Event Related Object Role | B9: http://id.loc.gov/vocabulary/preservation/eventRelatedObjectRole | C9: https://id.loc.gov/vocabulary/preservation/eventRelatedObjectRole.html | D9: linkingObjectRole | E9: vocPREMISLinkingRole | F9: 2026-10-12 | G9: source and outcome match.
A10: Agent Type | B10: http://id.loc.gov/vocabulary/preservation/agentType | C10: https://id.loc.gov/vocabulary/preservation/agentType.html | D10: agentType | E10: vocPREMISAgentType | F10: 2026-10-12 | G10: software (…/sof), person (…/per) and organization (…/org) match. hardware (…/har) is not used.
A11: Object Category | B11: http://id.loc.gov/vocabulary/preservation/objectCategory | C11: https://id.loc.gov/vocabulary/preservation/objectCategory.html | D11: object/@xsi:type (schema type, not written as a value) | E11: vocPREMISObjectCategory | F11: 2026-10-12 | G11: Not written as a value: the category is encoded as the schema type in object/@xsi:type (intellectualEntity, representation, file). The LoC labels are intellectual entity (…/int), representation (…/rep), file (…/fil) and bitstream (…/bit); bitstream is not used.
A12: Linking Agent Role (Event) — DEPRECATED | B12: http://id.loc.gov/vocabulary/preservation/linkingAgentRoleEvent | C12: https://id.loc.gov/vocabulary/preservation/linkingAgentRoleEvent.html | D12: — (do not use) | E12: — | F12: 2026-10-12 | G12: Deprecated by LoC; use Event Related Agent Role. Older PREMIS examples still cite it.
A13: Local terms | B13: — (namespace pending) | D13: eventType, relationshipSubType | E13: vocPREMISEventType, vocPREMISRelationship | F13: — | G13: qualityReview; isValidationReportOf, isQaReportOf, isConversionLogOf. Written with @authority="local" only (open item: Local term namespace).
A14: PRONOM | B14: https://www.nationalarchives.gov.uk/PRONOM/ | C14: https://www.nationalarchives.gov.uk/PRONOM/ | D14: formatRegistryName, formatRegistryKey | E14: vocPREMISFormatRegistry | F14: — | G14: Not an LoC vocabulary: registry name PRONOM and the PUIDs DROID reports.

Sheet Versions
A1: Fact | B1: Layer | C1: Meaning | D1: Expected (profile v0.4) | E1: v1 | F1: v2 | G1: v3
A2: Committed (inventory created) | B2: OCFL inventory | C2: When the version was written into the OCFL object: versions/vN/created in the root inventory.json, UTC. The commit is recorded only here, not in PREMIS. | D2: RFC 3339, UTC with Z (DPM14); no earlier than the eventDateTime of the version's AIP creation event (DPM113). Conforms in form; the time check is not possible, as the event is absent (F050). | E2: 2026-10-09T13:10:59Z | F2: 2026-10-09T13:12:36Z | G2: 2026-10-09T13:14:13Z
A3: Inventory message | B3: OCFL inventory | C3: The commit message: versions/vN/message in inventory.json. | D3: Selection basis, a space, an em dash, a space and a short description (DPM14), the basis equal to selection_basis on SIP creation (DPM111). Inferred from the package: v1 new_document — initial ingest (es); v2 language_added — French added (fr); v3 language_added — English added (en). See the inventory review, deviation 4. | E3: Initial preservation ingest from verified BagIt SIP | F3: Preservation update from verified BagIt SIP | G3: Preservation update from verified BagIt SIP
A4: Inventory user/name | B4: OCFL inventory | C4: Who committed the version: versions/vN/user/name in inventory.json. | D4: The person who authorised the commit: the authorizer of the version's AIP creation event (DPM113), as named in the agent registry (DPM14). Conforms in form; agreement with PREMIS cannot be checked, as PREMIS has no AIP creation event and no person agent. | E4: Eric Gao | F4: Eric Gao | G4: Eric Gao
A5: Inventory user/address | B5: OCFL inventory | C5: versions/vN/user/address in inventory.json. 'absent' means the key is not in the inventory. | D5: A mailto: URI with the authorizer's e-mail address, as registered in the agent registry (DPM14; OCFL 1.1 §3.5.3.1). | E5: absent | F5: absent | G5: absent
A6: Languages held | B6: OCFL inventory | C6: The languages present in the version, derived from the paths under representations/ in that version's state. Each version holds every language received so far, not only the new one. | D6: Recorded on SIP creation (DPM111) as languages: es (v1), es, fr (v2), en, es, fr (v3). The event is absent in v1 (F049) and again in v2 and v3 (F064), so the inventory is the only source; once it is written, the two must agree. | E6: es | F6: es, fr | G6: en, es, fr
A7: Files added (incl. PREMIS and METS in v1) | B7: OCFL inventory | C7: Number of logical paths in this version's state that were not in the previous version's state: new files at new paths. In v1 every file is new, including the PREMIS and METS files. | D7: v1: 9 — the DOCX, master, DOME, conversion log, veraPDF report, QA report and DROID report, plus PREMIS and METS. v2 and v3: 5 each — the new language's DOCX, master, conversion log, veraPDF and QA reports; 6 if the DROID report takes a versioned name (row 8). The published PDF is described, not held (DPM40). v1 holds one more, dome_sql_extraction.json (F026; Workflow W09). PREMIS and METS are held in OCFL and counted here like any file. In premis.xml, each other added file is described by a file object with a new UUID (DPM8, DPM36); PREMIS and METS are not, their fixity being recorded in the inventory only (DPM12). | E7: 10 | F7: 5 | G7: 5
A8: Files changed at an existing path (incl. PREMIS and METS) | B8: OCFL inventory | C8: Number of logical paths present in both this and the previous version whose bytes changed (different SHA-512). Includes the PREMIS and METS files. | D8: Under language_added, only the PREMIS and METS files (DPM11), DOME (which lists the files of each language) and the DROID report, while it keeps one path, change at an existing path: 4 in v2 and in v3. If the report takes a versioned name, as the profile's Open item DROID report proposes ({JOB_ID}_ff_droid_v{N}.csv), it counts as added instead (row 7: 6 in v2 and v3) and the expected number here drops to 3. Each rewritten DOME is recorded by a descriptive metadata revision event (DPM110), linking the new DOME as outcome and the previous one as source; absent in v2 and v3 (F067). A changed file is a new file object with a new UUID, and the old one stays described (DPM4, DPM8; F061). | E8: 0 | F8: 9 | G8: 13
A9: Masters re-created from an unchanged published PDF | B9: OCFL inventory; QA report | C9: Languages whose PDF/A master changed in this version although its source did not. The published PDF is not held (DPM40), so its digest is read from two run records that hash the _src working copy: the QA report (source.sha512: es 9986bff4… in v1–v3, fr b2563a60… in v2–v3) and the DROID export (SHA256_HASH: es 3e1575eb…, fr ba6423a4…, unchanged likewise). Neither is a digest of the file in DOL itself. | D9: None, except in a master_reconversion version (DPM40, DPM106): a master is otherwise re-created only when its published PDF changes. Once DPM40 is written and PREMIS is appended, this is read from PREMIS: a new master whose has Source points to a published PDF object already described in the predecessor was re-created from an unchanged source, and is accepted only with supersedes and reason on its normalisation (DPM12 (c)). F062, F013. | E9: — | F9: es | G9: es, fr
A10: PREMIS objects | B10: PREMIS | C10: Number of object elements in this version's premis.xml (intellectual entity, representations and files as written by the PoC). | D10: Expected objects: v1 12, v2 20, v3 28. v1: the intellectual entity, two representations (F006, F008), the 8 held files, and the es published PDF, which is described in PREMIS but not held in the package: it has no filepath and exists only as the source of the master's has Source relationship (DPM40, DPM75; F013). Each later version carries every predecessor object (DPM4) and adds the new language's DOCX, master and 3 reports, held, and its published PDF, described only (6), and the new DOME and DROID report replacing the old ones at their paths (2), the old ones staying described (F061). Missing from the PoC's 9, 14, 19: v1 3 — both representations and the es published PDF (the intellectual entity is present, typed as a representation); v2 6 — also the fr published PDF and the superseded v1 DOME and DROID report; v3 9 — also the en published PDF and the superseded v2 DOME and DROID report. The PoC's re-created es and fr masters and reports (row 9) would add further superseded objects; under the profile they do not arise. Breakdown: PREMIS counts tab. | E10: 9 | F10: 14 | G10: 19
A11: PREMIS events | B11: PREMIS | C11: Number of event elements in this version's premis.xml. | D11: Expected events: v1 15, v2 29, v3 43. v1 (es): ingestion start (1); digest calculation (3: DOCX, published PDF, master); copy fixity verification (2: DOCX, published PDF); filename change (1: DOCX); normalisation, conformance validation, fidelity review, format identification, descriptive metadata creation, SIP creation, ingest fixity verification, AIP creation (1 each). v2 (fr) and v3 (en): every predecessor event carried (DPM4), plus 14 new — the same set for the new language without ingestion start, and descriptive metadata revision (DPM110) in place of creation. The PoC writes only its own run's events: per language held, 2 ingestion events, a normalisation, a validation and a quality assurance, plus 1 format identification — 6, 11, 16. Never written: ingestion start, digest calculation, copy fixity verification, filename change (F039, F040, F041, F065), the DOME events (F048, F067), SIP creation (F049), ingest fixity verification and AIP creation (F050). Breakdown: PREMIS counts tab. | E11: 6 | F11: 11 | G11: 16
A12: Events carried from predecessor | B12: PREMIS | C12: How many of the previous version's events also appear in this version's premis.xml (same event UUID). 0 means the PREMIS was regenerated. | D12: Expected: every event of the previous version, carried unchanged with the same UUID (DPM4). • v2: the 6 events in v1's premis.xml (15 had v1 been written as the profile requires). • v3: the 11 events in v2's premis.xml (29 had v1 and v2 been conformant; PREMIS counts tab). Found: 0 in v2 and v3. Each version's PREMIS is rewritten from scratch instead of extended (F060; Workflow W03). | E12: — | F12: 0 | G12: 0
A13: DPM12: PREMIS and the inventory agree | B13: PREMIS and OCFL inventory | C13: The ingest side's check before commit, run here on each committed version: (a) every file in the version's state, except the METS and PREMIS files and schemas/, is described by a file object with the same filepath and SHA-512; (b) every file held in this or any earlier version (each path with each digest it has had, except METS, PREMIS and schemas/) is described, and every file object with a filepath is one of them; (c) a new master whose has Source points to a published PDF already described belongs to a master_reconversion version; (d) every object, event and agent of the predecessor's premis.xml is carried unchanged. | D13: Expected: (a)–(d) all hold in every version. Found: (a) holds: the PREMIS digests match the state. The PoC identifies files by local-path, not filepath (F012), but the values are the logical paths. No schemas/ folder is held (F003). (b) fails in v2 and v3: of the files held so far (8, 20, 36), PREMIS describes 8, 13, 18; the superseded masters, reports, DOME, DROID export and dome_sql_extraction.json are missing (F061). (c) cannot be checked: PREMIS has no published PDF objects and no has Source (F013, F021). On the evidence of row 9 it would fail in v2 (es) and v3 (es, fr) (F062). (d) fails in v2 and v3: no predecessor event is carried (row 12), and few predecessor objects recur unchanged (F060). | E13: (a) yes, 8 of 8 (b) yes, 8 of 8 (c) not checkable (d) — (no predecessor) | F13: (a) yes, 13 of 13 (b) no, 13 of 20 (7 missing) (c) not checkable; fails on row 9 (es) (d) no | G13: (a) yes, 18 of 18 (b) no, 18 of 36 (18 missing) (c) not checkable; fails on row 9 (es, fr) (d) no
A14: UUID versions in premis.xml | B14: PREMIS | C14: The UUIDs written as identifiers of objects, events and agents, and their version: the first digit of the third group (…-4xxx-… is version 4, …-5xxx-… version 5). | D14: Every object, event and agent identified by a uuid4 (DPM8, DPM38, DPM81, DPM90). Each UUID is checked against the UUID registry when minted: if absent, it is entered in the registry and then used; if already present, the item is halted for review, never resolved by minting another (DPM8, DPM9). Found: only the intellectual entity has a UUID, version 4, the same in all three versions (ec1921e0…). File objects are identified by their path alone (local-path; F011, F012). Agents are identified by name (F051). Every event UUID is version 5, name-based (F029; F064 for v2 and v3). No UUID registry appears in the developer's design (Workflow W15). | E14: objects: 1 of 9 with a UUID (v4); files by path only — wrong events: v5 (6 of 6) — wrong agents: by name (5) — wrong | F14: objects: 1 of 14 with a UUID (v4); files by path only — wrong events: v5 (11 of 11) — wrong agents: by name (5) — wrong | G14: objects: 1 of 19 with a UUID (v4); files by path only — wrong events: v5 (16 of 16) — wrong agents: by name (5) — wrong
A15: Files added (paths) | B15: OCFL inventory | C15: The logical paths counted in 'Files added', one per line, relative to the version's content/ directory. | D15: Full comparison of every path, with SHA-512 per version: Files tab. | E15: documentation/2026_011922_dome_sql_extraction.json documentation/2026_011922_droid_export.csv documentation/2026_011922_es_G_SPS_NCHL890A1_conv_aspose.xml documentation/2026_011922_es_G_SPS_NCHL890A1_qa_pypdf.json documentation/2026_011922_es_G_SPS_NCHL890A1_val_verapdf.xml metadata/2026_011922_dome.xml metadata/2026_011922_mets.xml metadata/2026_011922_premis.xml representations/rep_1/data/es/2026_011922_es_G_SPS_NCHL890A1.docx representations/rep_2/data/es/2026_011922_es_G_SPS_NCHL890A1.pdf | F15: documentation/2026_011922_fr_G_SPS_NCHL890A1_conv_aspose.xml documentation/2026_011922_fr_G_SPS_NCHL890A1_qa_pypdf.json documentation/2026_011922_fr_G_SPS_NCHL890A1_val_verapdf.xml representations/rep_1/data/fr/2026_011922_fr_G_SPS_NCHL890A1.docx representations/rep_2/data/fr/2026_011922_fr_G_SPS_NCHL890A1.pdf | G15: documentation/2026_011922_en_G_SPS_NCHL890A1_conv_aspose.xml documentation/2026_011922_en_G_SPS_NCHL890A1_qa_pypdf.json documentation/2026_011922_en_G_SPS_NCHL890A1_val_verapdf.xml representations/rep_1/data/en/2026_011922_en_G_SPS_NCHL890A1.docx representations/rep_2/data/en/2026_011922_en_G_SPS_NCHL890A1.pdf

Sheet PREMIS counts
A1: Objects in premis.xml
A2: Expected: what profile v0.4 requires. New = written in that version; total = new plus everything carried from the predecessor (DPM4). Found: what the package's premis.xml contains.
A4: Object | B4: Expected new v1 | C4: Expected new v2 | D4: Expected new v3 | E4: Expected total v1 | F4: Expected total v2 | G4: Expected total v3 | H4: Found v1 | I4: Found v2 | J4: Found v3 | K4: Note
A5: Intellectual entity | B5: 1 | C5: 0 | D5: 0 | E5: =B5 | F5: =E5+C5 | G5: =F5+D5 | H5: 1 | I5: 1 | J5: 1 | K5: Found typed as a representation (F006).
A6: Representations (rep_1, rep_2) | B6: 2 | C6: 0 | D6: 0 | E6: =B6 | F6: =E6+C6 | G6: =F6+D6 | H6: 0 | I6: 0 | J6: 0 | K6: None found (F008).
A7: Held files at a new path | B7: 8 | C7: 5 | D7: 5 | E7: =B7 | F7: =E7+C7 | G7: =F7+D7 | H7: 8 | I7: 13 | J7: 18 | K7: Excludes PREMIS and METS (DPM12); includes dome_sql_extraction.json (F026). New in v2 and v3: the language's DOCX, master and 3 reports. The PoC's found counts include its re-created masters and reports (F062).
A8: Held files replacing an earlier file at its path (DOME, DROID report) | B8: 0 | C8: 2 | D8: 2 | E8: =B8 | F8: =E8+C8 | G8: =F8+D8 | H8: 0 | I8: 0 | J8: 0 | K8: The replaced file stays described as superseded (DPM4; F061). The PoC describes only the current file, counted in the row above (F060).
A9: Published PDFs, described not held (no filepath) | B9: 1 | C9: 1 | D9: 1 | E9: =B9 | F9: =E9+C9 | G9: =F9+D9 | H9: 0 | I9: 0 | J9: 0 | K9: Source of each master's has Source (DPM40, DPM75); none found (F013).
A10: Total | B10: =SUM(B5:B9) | C10: =SUM(C5:C9) | D10: =SUM(D5:D9) | E10: =SUM(E5:E9) | F10: =SUM(F5:F9) | G10: =SUM(G5:G9) | H10: =SUM(H5:H9) | I10: =SUM(I5:I9) | J10: =SUM(J5:J9) | K10: Of the found objects only the intellectual entity has a UUID; file objects are identified by path (F011). Versions rows 10 and 14.
A13: Events in premis.xml
A14: Expected: what profile v0.4 requires. New = written in that version; total = new plus everything carried from the predecessor (DPM4). Found: what the package's premis.xml contains.
A15: Event | B15: Expected new v1 | C15: Expected new v2 | D15: Expected new v3 | E15: Expected total v1 | F15: Expected total v2 | G15: Expected total v3 | H15: Found v1 | I15: Found v2 | J15: Found v3 | K15: Note
A16: Ingestion start (DPM102) | B16: 1 | C16: 0 | D16: 0 | E16: =B16 | F16: =E16+C16 | G16: =F16+D16 | H16: 0 | I16: 0 | J16: 0 | K16: Once per AIP, in v1 (F039, F065).
A17: Digest calculation (DPM103) | B17: 3 | C17: 3 | D17: 3 | E17: =B17 | F17: =E17+C17 | G17: =F17+D17 | H17: 0 | I17: 0 | J17: 0 | K17: The new language's DOCX, published PDF and master (F040, F065).
A18: Copy fixity verification (DPM104) | B18: 2 | C18: 2 | D18: 2 | E18: =B18 | F18: =E18+C18 | G18: =F18+D18 | H18: 0 | I18: 0 | J18: 0 | K18: DOCX and published PDF (F040, F065).
A19: Filename change (DPM105) | B19: 1 | C19: 1 | D19: 1 | E19: =B19 | F19: =E19+C19 | G19: =F19+D19 | H19: 0 | I19: 0 | J19: 0 | K19: The DOCX, renamed from its DOL name (F041).
A20: Normalisation (DPM106) | B20: 1 | C20: 1 | D20: 1 | E20: =B20 | F20: =E20+C20 | G20: =F20+D20 | H20: 1 | I20: 2 | J20: 3 | K20: Found for every language held: the PoC re-converts unchanged ones (F062).
A21: Conformance validation (DPM107) | B21: 1 | C21: 1 | D21: 1 | E21: =B21 | F21: =E21+C21 | G21: =F21+D21 | H21: 1 | I21: 2 | J21: 3 | K21: As normalisation.
A22: Fidelity review (DPM108) | B22: 1 | C22: 1 | D22: 1 | E22: =B22 | F22: =E22+C22 | G22: =F22+D22 | H22: 1 | I22: 2 | J22: 3 | K22: Found typed quality assurance, not the local qualityReview (F030).
A23: Format identification (DPM109) | B23: 1 | C23: 1 | D23: 1 | E23: =B23 | F23: =E23+C23 | G23: =F23+D23 | H23: 1 | I23: 1 | J23: 1 | K23: Found linking unchanged files in v2 and v3 (F066).
A24: Descriptive metadata creation (DPM116) | B24: 1 | C24: 0 | D24: 0 | E24: =B24 | F24: =E24+C24 | G24: =F24+D24 | H24: 0 | I24: 0 | J24: 0 | K24: F048.
A25: Descriptive metadata revision (DPM110) | B25: 0 | C25: 1 | D25: 1 | E25: =B25 | F25: =E25+C25 | G25: =F25+D25 | H25: 0 | I25: 0 | J25: 0 | K25: DOME is rewritten in v2 and v3 (F067).
A26: SIP creation (DPM111) | B26: 1 | C26: 1 | D26: 1 | E26: =B26 | F26: =E26+C26 | G26: =F26+D26 | H26: 0 | I26: 0 | J26: 0 | K26: F049.
A27: Ingest fixity verification (DPM112) | B27: 1 | C27: 1 | D27: 1 | E27: =B27 | F27: =E27+C27 | G27: =F27+D27 | H27: 0 | I27: 0 | J27: 0 | K27: F050.
... A29: ingestion (found only; not in the profile) | B29: 0 | C29: 0 | D29: 0 | E29: =B29 | F29: =E29+C29 | G29: =F29+D29 | H29: 2 | I29: 4 | J29: 6 | K29: Two per language held, one each for the DOCX and the PDF, recording PoC 1's result (STEP_1_PREPARED_FIXITY_VERIFIED). The profile records the same act as digest calculation and copy fixity verification (DPM103, DPM104), and the start and end of ingest as DPM102 and DPM113; it does not use the LoC type ingestion, which names the whole process (F030, F039, F065).
A30: Total | B30: =SUM(B16:B29) | C30: =SUM(C16:C29) | D30: =SUM(D16:D29) | E30: =SUM(E16:E29) | F30: =SUM(F16:F29) | G30: =SUM(G16:G29) | H30: =SUM(H16:H29) | I30: =SUM(I16:I29) | J30: =SUM(J16:J29) | K30: Found: no predecessor event is carried (Versions row 12; F060). Every found event has a version 5 UUID, not uuid4 (F029, F064). Versions rows 11 and 14.
A33: Agents in premis.xml
A34: Expected: what profile v0.4 requires. New = written in that version; total = new plus everything carried from the predecessor (DPM4). Found: what the package's premis.xml contains. An agent described in an earlier version is carried, not described again; a new software version is a new agent (DPM78, DPM84).
A35: Agent | B35: Expected new v1 | C35: Expected new v2 | D35: Expected new v3 | E35: Expected total v1 | F35: Expected total v2 | G35: Expected total v3 | H35: Found v1 | I35: Found v2 | J35: Found v3 | K35: Note
A36: Operator (person; authorizer of every event) | B36: 1 | C36: 0 | D36: 0 | E36: =B36 | F36: =E36+C36 | G36: =F36+D36 | H36: 0 | I36: 0 | J36: 0 | K36: No person agent found (F053). Named or role-level: profile Open item Person agents.
A37: poc1_builder.py (step 1): ingestion start, digest calculation and copy fixity verification of extracted files, filename change (DPM102–DPM105) | B37: 1 | C37: 0 | D37: 0 | E37: =B37 | F37: =E37+C37 | G37: =F37+D37 | H37: 1 | I37: 1 | J37: 1 | K37: Found as Python DPR PoC1, without version (F052).
A38: poc3_aspose.py (step 3): digest calculation of the master (DPM103); fixity originator of the conversion log (DPM47) | B38: 1 | C38: 0 | D38: 0 | E38: =B38 | F38: =E38+C38 | G38: =F38+D38 | H38: 0 | I38: 0 | J38: 0 | K38: Not found. Aspose, not the script, is the executing program of the normalisation (DPM106).
A39: poc5_qa.py (step 5): fidelity review, the QA stage script (DPM108); fixity originator of the QA report | B39: 1 | C39: 0 | D39: 0 | E39: =B39 | F39: =E39+C39 | G39: =F39+D39 | H39: 1 | I39: 1 | J39: 1 | K39: Found as Python DPR PoC4: the PoC's legacy stage number, not the script's (v2.5 §3).
A40: poc6_metadata.py (step 6): DOME creation and revision (DPM116, DPM110); fixity originator of the DOME record | B40: 1 | C40: 0 | D40: 0 | E40: =B40 | F40: =E40+C40 | G40: =F40+D40 | H40: 0 | I40: 0 | J40: 0 | K40: Not found; the DOME events are absent (F048, F067).
A41: poc7_bagit.py (step 7): SIP creation (DPM111) | B41: 1 | C41: 0 | D41: 0 | E41: =B41 | F41: =E41+C41 | G41: =F41+D41 | H41: 0 | I41: 0 | J41: 0 | K41: Not found; SIP creation is absent (F049).
A42: poc2_droid.py, poc4_verapdf.py: only as fixity originators of the DROID and veraPDF reports they write (DPM47) | B42: 2 | C42: 0 | D42: 0 | E42: =B42 | F42: =E42+C42 | G42: =F42+D42 | H42: 0 | I42: 0 | J42: 0 | K42: Agents only if the script computes the report's digest; if all digests are computed at bagging, poc7 is the originator and these two are not agents (profile Open item Stage scripts). No fixity originator is written at all (F015).
A43: poc8_ingest_worker.py, poc9_ocfl_ingest.py (steps 8, 9): ingest fixity verification and AIP creation (DPM112, DPM113) | B43: 2 | C43: 0 | D43: 0 | E43: =B43 | F43: =E43+C43 | G43: =F43+D43 | H43: 0 | I43: 0 | J43: 0 | K43: Not found; both events are absent (F050).
A44: Aspose.PDF for C++ (conversion engine) | B44: 1 | C44: 0 | D44: 0 | E44: =B44 | F44: =E44+C44 | G44: =F44+D44 | H44: 1 | I44: 1 | J44: 1 | K44: Found as Aspose.PDF for .NET, without version (F043, F052).
A45: veraPDF | B45: 1 | C45: 0 | D45: 0 | E45: =B45 | F45: =E45+C45 | G45: =F45+D45 | H45: 1 | I45: 1 | J45: 1 | K45: Found without version (F052).
A46: DROID, with its signature-file version | B46: 1 | C46: 0 | D46: 0 | E46: =B46 | F46: =E46+C46 | G46: =F46+D46 | H46: 1 | I46: 1 | J46: 1 | K46: Found without version or signature file (F052).
A47: Not agents: RUN_DPR.py, dpr_workflow.py, dpr_stage_runner.py, dpr_error.py, poc_monitor.py (orchestrate or monitor); poc0_ready.py (batch selection, outside PREMIS); DprPdfaConverter (profile Open item Conversion program) | B47: 0 | C47: 0 | D47: 0 | E47: =B47 | F47: =E47+C47 | G47: =F47+D47 | H47: 0 | I47: 0 | J47: 0 | K47: DPM84: scripts that only orchestrate, schedule or monitor the stages are not agents. To confirm: specific_step1.py (Independent workflow) copies files out of DOL before poc1_builder.py runs; if it performs the copy that DPM104 verifies, it is an agent.
A48: Total | B48: =SUM(B36:B47) | C48: =SUM(C36:C47) | D48: =SUM(D36:D47) | E48: =SUM(E36:E47) | F48: =SUM(F36:F47) | G48: =SUM(G36:G47) | H48: =SUM(H36:H47) | I48: =SUM(I36:I47) | J48: =SUM(J36:J47) | K48: Expected 13, or 11 if digests of reports are computed at bagging. Found: the same five in every version, identified by name, not agent-registry UUID (F051). A new tool or script version adds an agent (DPM84).

Sheet Files
A1: Logical path | B1: v1 SHA-512 | C1: v2 SHA-512 | D1: v3 SHA-512 | E1: v2 vs v1 | F1: v3 vs v2 | G1: Note
A2: documentation/2026_011922_dome_sql_extraction.json | B2: 9bdd986dbcea8a84313a2cf7dc384882d53860e2c7738561adc623adc664ac071b0381509df8c6aa2c721407f264b967d1815e4584023b87546325eaa88c5d59 | C2: 25c28f9ffec60578b9f8f99fba2893498355a975fbf31e258477e3cbd202d77e6b6091f759f9cac4b6dd2b476f0e739cfb0aee5b545eed87ef5a7c133de08435 | D2: cee3b1d8be80846b9ceae766d14b2b336291785ca140d1f8b56a95ca77ab48c0ca2ddfe42531de3a4ff53edd6dc2d172117917fcbcaedb656d34989d561903bf | E2: =IF(C2="—","—",IF(B2="—","new",IF(C2=B2,"unchanged","changed"))) | F2: =IF(D2="—","—",IF(C2="—","new",IF(D2=C2,"unchanged","changed"))) | G2: Rewritten in every version; differs only in extracted_utc (F062; F026).
A3: documentation/2026_011922_droid_export.csv | B3: da9cd965b557a548efb9e0af28dc1cb5986f12434926e8c74763d0e59f4c0b216604a6d8cc1ed6fd4af157d53e9b4d7481f126362eec5d961d2a913baa0ebee8 | C3: a777a726957c7430f8069109e7267dce107aaf4d2ebc7370a5ccb3f2f79e976e5ac70f67501a3038fb65e24674d7c161d06adf54b85086da8f0f4410f4d20982 | D3: f3167f042ad0e17c3b950b9ef3ded19e864fd2c3a6b8954bdca80258663b3f2a8986b437e023c95bf664784b63bc8f9da0a4179e45bccaacfcb02d152f3f5aa8 | E3: =IF(C3="—","—",IF(B3="—","new",IF(C3=B3,"unchanged","changed"))) | F3: =IF(D3="—","—",IF(C3="—","new",IF(D3=C3,"unchanged","changed"))) | G3: A new report in every version at the same path (F066; profile Open item DROID report).
A4: documentation/2026_011922_en_G_SPS_NCHL890A1_conv_aspose.xml | B4: — | C4: — | D4: 7f8d5792f8bc9bdea5d7be1f59ad333000f455dc4c58db87d7eee11388db280fa622b3865149fcd67b25c16306e72674e2db4aeb81b26bf5bff083f8ede531d2 | E4: =IF(C4="—","—",IF(B4="—","new",IF(C4=B4,"unchanged","changed"))) | F4: =IF(D4="—","—",IF(C4="—","new",IF(D4=C4,"unchanged","changed"))) | G4: Added in v3.
A5: documentation/2026_011922_en_G_SPS_NCHL890A1_qa_pypdf.json | B5: — | C5: — | D5: f6edd3159e211159c0e3fbb5542e049add79ed2b788aa31f0ea6ed4b22193740158ff33ed8d1643968d49822352071a6a4aeb7560a30d50d63ea99b944c201ec | E5: =IF(C5="—","—",IF(B5="—","new",IF(C5=B5,"unchanged","changed"))) | F5: =IF(D5="—","—",IF(C5="—","new",IF(D5=C5,"unchanged","changed"))) | G5: Added in v3.
A6: documentation/2026_011922_en_G_SPS_NCHL890A1_val_verapdf.xml | B6: — | C6: — | D6: b892dc0f778f48e44579e8af087cb3f3d9a76b21c34e7a8777a667392d9fdfa2ee9c6c5927d3c00bec680580a3cb6ba3cf4bdf1aa7af257beab31b28db87a23d | E6: =IF(C6="—","—",IF(B6="—","new",IF(C6=B6,"unchanged","changed"))) | F6: =IF(D6="—","—",IF(C6="—","new",IF(D6=C6,"unchanged","changed"))) | G6: Added in v3.
A7: documentation/2026_011922_es_G_SPS_NCHL890A1_conv_aspose.xml | B7: 92969eff310508a00179923e1fc4e430967edb803b28ec917a27fe4338a430a2888e2b1c587ca0373e8b875355285ecc8953224e3126a127230f52e62d3cb66e | C7: 94715eba7afb620a1d10d6d1ff63ef5efad73ebf866b358365d388445978b7685334a4ca69f4bd8fca042074f66fa4577d0afded3305e2c22eecd96da7959ce7 | D7: 6fccda429863ff7110a4789ec96a28e9eb7ed9c220a415fd514c1840e14f99b4713aecbd0aeccea994c2ec118d326161ad3bb4d34070a1d0082dfe20170f7ee0 | E7: =IF(C7="—","—",IF(B7="—","new",IF(C7=B7,"unchanged","changed"))) | F7: =IF(D7="—","—",IF(C7="—","new",IF(D7=C7,"unchanged","changed"))) | G7: Regenerated in v2 and v3 with the re-converted master (F062).
A8: documentation/2026_011922_es_G_SPS_NCHL890A1_qa_pypdf.json | B8: 88fa54fd399c9003d86668cf2223a784ac34d7696b964c8fb06f25c1915eb51f37ec05eec4ccdad961d59ba1bd3a15ab8cd58575152bd4778245c1276b524a3e | C8: f1275cf152bd3362f2f8624fa87014b9cc5e73f9d0c15c6f3c49e5c7a3d7417ff885271c0b4d5c526d6fc0aa2b9f8e17dfffbbfc9d67d6ddce344b4013b23365 | D8: 9ceba38c690e9322e1b94998e9ed4f92220bd558ef03653dccd39be016812d3c6834484f48d336cd331c51f2ed119c9bb005d3e3a413c11f4fea2e3889de2906 | E8: =IF(C8="—","—",IF(B8="—","new",IF(C8=B8,"unchanged","changed"))) | F8: =IF(D8="—","—",IF(C8="—","new",IF(D8=C8,"unchanged","changed"))) | G8: Regenerated in v2 and v3 with the re-converted master (F062).
A9: documentation/2026_011922_es_G_SPS_NCHL890A1_val_verapdf.xml | B9: 547636548642c1e4d2cb506582e79e3e13f4fe80c07c2f06916db25eb11683e8bf863094def1fae17ad9ff6d75a0cd637eefd9fa6dda3fe1fdb2567e7ff8d2e1 | C9: fa7ca6363698f157f3141241cfbcc0853b2ae2e20db708f2e009a0df338382699008c36f0c467e41614a7d04010bd7a5418a1d783a6a84dbf4ae27fcde290c67 | D9: 453d45200b3c8f64d09c44f3abee3b24d38e2b2a7b13f6d2ee35b1be0cdf95290c91f589ee69c2fae9a9f15e10d9aeb993c6d6759a8193c898b9a4fa2f4b5b02 | E9: =IF(C9="—","—",IF(B9="—","new",IF(C9=B9,"unchanged","changed"))) | F9: =IF(D9="—","—",IF(C9="—","new",IF(D9=C9,"unchanged","changed"))) | G9: Regenerated in v2 and v3 with the re-converted master (F062).
A10: documentation/2026_011922_fr_G_SPS_NCHL890A1_conv_aspose.xml | B10: — | C10: c5dfcc23634940644285a8da244f3fee43f34a30b3d8d517a0e83f88e6fdf0a3fb204af11989a5586155be8ac6b7764396924d13660d1014b024dd62a175c1ab | D10: a6e8e20d4a9dd6b3047797e0ae05a97114f75e84d8d564037fed24d39d9198c9fa6617b7a8508dcdc6f488ccab727af588272ff66e4a7be0a88526d5e426a983 | E10: =IF(C10="—","—",IF(B10="—","new",IF(C10=B10,"unchanged","changed"))) | F10: =IF(D10="—","—",IF(C10="—","new",IF(D10=C10,"unchanged","changed"))) | G10: Added in v2; regenerated in v3 with the re-converted master (F062).
A11: documentation/2026_011922_fr_G_SPS_NCHL890A1_qa_pypdf.json | B11: — | C11: 9da8c20517a9bd3affbf4627482af695a01f4b6b9f551872cc742c943529ca10c081b12bf9ecadbe7ec8807816a119b7700b1cbebee7f35902426bcb5f90ca7f | D11: 62ee31b84bdec15d4f06bbcf1e02a5f4ded85b0df3685fb3ec5ab004da7cd9551f2669b591af60f31203c0787fa78c0e367c30d17ec76d8a83867d83fbb7dd0a | E11: =IF(C11="—","—",IF(B11="—","new",IF(C11=B11,"unchanged","changed"))) | F11: =IF(D11="—","—",IF(C11="—","new",IF(D11=C11,"unchanged","changed"))) | G11: Added in v2; regenerated in v3 with the re-converted master (F062).
A12: documentation/2026_011922_fr_G_SPS_NCHL890A1_val_verapdf.xml | B12: — | C12: 207dd14a7e16ee666a40361b8bf9a29f892468dced91ec4e551f9d9ce63237617226bad4d4410001cee938fd79968fe88c46cf0898abbf9cb087fa8d5961e67e | D12: f17bda5c1a65b817c40a81ff2f4d7b41021606c59c6e76362325a4d98c784cb110738d1ed606b4ec05bb317f9d45d376e92e129ff11486ce9b69abdfba037ba8 | E12: =IF(C12="—","—",IF(B12="—","new",IF(C12=B12,"unchanged","changed"))) | F12: =IF(D12="—","—",IF(C12="—","new",IF(D12=C12,"unchanged","changed"))) | G12: Added in v2; regenerated in v3 with the re-converted master (F062).
A13: metadata/2026_011922_dome.xml | B13: 6aacbca2ece69e1088c0ae7b71ece9c347ca29a5eaa78cc257092f96816f55018bd74b27fed86e8f263d2c62c4aa9984f0be9856936bb801c896efd756fe1901 | C13: 1168f45cfaa6af471cbe371682a78ac506df473c405a1c4f4a043abc775167feba2570a8df2f9ecd0b24fddd391e3094e941167341f50df48f57c39731685a35 | D13: 8ec5b091cc1fdc054f192eca842f6cc25cd1a4b6ef6e637bed7d0f932689f203ce50f895e5c2994e1c5e5036f9bc0cbec1c44595eaadbd2a8ff1945d6da4168c | E13: =IF(C13="—","—",IF(B13="—","new",IF(C13=B13,"unchanged","changed"))) | F13: =IF(D13="—","—",IF(C13="—","new",IF(D13=C13,"unchanged","changed"))) | G13: Changes in every version: DOME lists the files of each language, so a new language version changes it. The change is legitimate, but no DOME revision event is written (F067).
... A21: representations/rep_2/data/fr/2026_011922_fr_G_SPS_NCHL890A1.pdf | B21: — | C21: bebeae14ecf6bea808e10445ab500d5cdac733ef4de9314f082bd98e6c392baf7a6667ede1414de8077119836d7f77148a9d61ab1ec3f5cf135dac3570a7fd73 | D21: 94f950b8bd3cb2bf1d89e352a534b379ba307d3e83b68a699f6a846b56198fb6fc328193d52ab7b2d630d9aac70642b8e8bc5a6dbd0cea8b02393fb129e5898b | E21: =IF(C21="—","—",IF(B21="—","new",IF(C21=B21,"unchanged","changed"))) | F21: =IF(D21="—","—",IF(C21="—","new",IF(D21=C21,"unchanged","changed"))) | G21: Added in v2; re-converted in v3 from an unchanged published PDF (F062).
A23: Count
A24: new | E24: =COUNTIF(E$2:E$21,$A24) | F24: =COUNTIF(F$2:F$21,$A24) | G24: Agrees with Versions, Files added (5, 5).
A25: changed | E25: =COUNTIF(E$2:E$21,$A25) | F25: =COUNTIF(F$2:F$21,$A25) | G25: Agrees with Versions, Files changed (9, 13). Expected under language_added: 4 (PREMIS, METS, DOME, DROID report).
A26: unchanged | E26: =COUNTIF(E$2:E$21,$A26) | F26: =COUNTIF(F$2:F$21,$A26) | G26: Only the DOCX files carry over unchanged.

Sheet Workflow
A1: ID | B1: Topic | C1: Workflow Documentation v2.5, 2026-10-05 | D1: PREMIS profile v0.4, 2026-10-12 | E1: Test package of 2026-10-09 (2026_011922) | F1: Proposed | G1: Findings | H1: Status
A2: W01 | B2: Any source change regenerates every derived file | C2: As soon as anything changes for a document (a new language arrives, or a source file changes), everything the pipeline produced for it is thrown away and made again: the PDF/A masters, their validation and quality reports, and the generated metadata (§4.4, §10). A later section (§5.1) says the opposite: files whose source has not changed are not converted again. Workflow Documentation v2.5 thus contradicts itself. | D2: A new version adds only what is new. When a new language is published, the version adds that language's source files, the PDF/A master made from its published PDF, and the master's reports. The published PDF is not kept: it is only described in PREMIS, as the source the master was made from. The languages already held are left alone. A master is replaced only when its published PDF changes in DOL, or when it is reconverted on purpose (a master reconversion version). | E2: The package follows the "rebuild everything" rule. The Spanish published PDF never changed in DOL, yet its master was made again when French was added (v2) and again when English was added (v3); the French master was made again in v3. Each new master is identical to the one before except for its internal timestamps and document ID. The quality and validation reports were regenerated each time, and so was the DOL metadata extract. The repository now stores three copies of the Spanish master and two of the French, each a separate file that PREMIS must describe and that has to be kept forever. | F2: Rebuild only what a change actually affects: outputs made from a new or changed source are produced again; everything else is carried forward unchanged from the previous version. Resolve the contradiction between §4.4 and §5.1. | G2: F062, F066, F067 | H2: Open
A3: W02 | B3: No-change test on regenerated outputs | C3: Just before storing, the pipeline (PoC 9) compares what it is about to store with what the repository already holds, file by file, by path and checksum (§5.1). If everything is identical, it creates no new version and records "no change" (STEP_9_OCFL_NO_CHANGE). | D3: A new version is created only when there is a reason for one: the reason the document was picked up from DOL, recorded as its selection basis (a new document, a new language, a revised document, a metadata change…). If nothing has changed in DOL (for example, a document re-issued with none of its languages changed), no version is created (Excluded facts). Whether a version is needed is decided on the sources, comparing the published PDF's checksum, not the master's, before the final comparison (Consequential changes). | E3: The package contains no run in which nothing changed, so the no-change test itself is not exercised. It shows that a regenerated file is never byte-identical to its predecessor, even from the same source. The Spanish master was produced three times from the same published PDF (QA report source SHA-512 9986bff4… in v1–v3) and has a different SHA-512 each time (031ad184…, c3713849…, 5addec12…). The files are the same size and differ only in the modification date (PDF info and XMP) and the document ID: 13 bytes between v1 and v2, 17 between v2 and v3. The French master shows the same in v3 (16 bytes). The DOL metadata extract differs between versions only in its extraction time (extracted_utc). The no-change test therefore works only if nothing is regenerated in a run without changes. Whether that holds, in particular whether the DOL metadata extract is taken afresh in every run, is not shown by the package and should be confirmed with the developer. | F3: Decide whether anything has changed by looking at what comes from DOL before anything is built: the source files and published PDFs, by path and checksum, as PoC 1 already does (§4.3), and the DOL metadata by its content, not its extraction time. Keep the final comparison before storing as a safety check. | G3: F062 | H3: Open
A4: W03 | B4: PREMIS is projected from run evidence | C4: In each run, the pipeline (PoC 6) writes a new PREMIS file from scratch, built from the records that run kept of its files and events (§4.10). Separately, §4.4 deletes those records whenever a source changes, so the records of earlier runs are no longer there to draw on. | D4: PREMIS is a running record of the object's whole history. Each new version takes the PREMIS file of the version before and adds its own entries; nothing already recorded is removed or rewritten (DPM2–DPM4, DPM117). | E4: Each version's PREMIS file describes only its own run. None of v1's 6 events appears in v2, and none of v2's 11 appears in v3: every event carries a new identifier and describes the latest run. Because files are identified by their path, the Spanish master keeps the same identifier in all three versions, but each time it describes the latest copy only (SHA-512 031ad184… in v1, c3713849… in v2, 5addec12… in v3); the earlier copies, still held in the repository, are no longer described. Someone reading the latest PREMIS file would not learn when or how the Spanish master was first made, or that two earlier copies exist. That history survives only in the PREMIS files of the earlier versions. | F4: PoC 6 opens the PREMIS file of the latest stored version and adds the new version's entries to it. The records of earlier runs are then no longer needed. | G4: F060, F061 | H4: Open
A5: W04 | B5: Version storage: self-contained or forward-delta | C5: Every new version is stored as a complete, self-contained copy: its folder holds every file of the document, including those that have not changed since the version before (§5.1, §5.2, §10, §13). A version folder missing an unchanged file is described as a defect. | D5: Each version's folder holds only the files that are new in that version. An unchanged file is stored once, in the version that first added it, and later versions point to it through the OCFL inventory; nothing is stored twice ("forward-delta"; The OCFL inventory; Example 2). | E5: Half-way to what is proposed. The storage itself works as proposed: each file is stored once, and a file unchanged since an earlier version is not stored again but points back to the earlier copy. Across the three versions there are 45 files (10 in v1, 15 in v2, 20 in v3), of which 42 are stored: the Spanish DOCX is stored only in v1, and the French DOCX only in v2. But only the DOCX files benefit. Because every run rebuilds the masters and reports (W01), they come out with new bytes even when their source is unchanged, and are stored again: the Spanish master three times, the French master twice. | F5: Confirm "store each file once" as the rule: this is how OCFL is designed to work, and it avoids keeping duplicate copies. Update §5.1, §5.2, §10 and §13 of Workflow Documentation v2.5 to match. | G5: — | H5: Open
A6: W05 | B6: DROID runs before conversion; masters never identified | C6: DROID, the format identification tool, examines the source files and the published PDFs only. The masters are deliberately left out, because DROID runs before conversion, when the masters do not yet exist (§4.6). | D6: Every file held has its format identified and recorded, the masters included (as PDF/A-2b, fmt/477). The published PDF a master is made from is identified in the same run: it is not held, but PREMIS describes it as the master's source, and every file PREMIS describes must have a format (DPM40, DPM49, DPM109). | E6: The package follows Workflow Documentation v2.5. The DROID report lists the Spanish DOCX (fmt/412) and the published PDF (fmt/276), but not the master. As a result, PREMIS records the master's format only as "application/pdf": it does not say that the master is PDF/A, or which level, although being PDF/A-2b is the whole point of the master. The PREMIS record is also inconsistent: the identification is dated 13:10:38, nine seconds before the master was made (13:10:47), yet it claims to have identified the master. | F6: Run DROID after conversion, over the files new in the version, masters included, and over the published PDFs of the new masters. The published PDF is not part of the package, but PREMIS describes it as the master's source and needs its format. This can be a second run after conversion, or the existing run moved to after conversion. | G6: F016, F047, F066 | H6: Open
A7: W06 | B7: bag-info.txt identifiers and BagIt version | C7: Each transfer package (a BagIt "bag") carries a label file, bag-info.txt, identifying it (§4.11). There, the External-Identifier is the JOB_ID and the Internal-Sender-Identifier the pipeline's internal folder UUID. The bag follows BagIt 0.97. | D7: The label file says unambiguously what the bag is and what it belongs to, and the ingest side checks it before storing anything, holding the bag if any value disagrees (DPM2, DPM3, Example 1). External-Identifier: the UUID of this transfer (the SIP), so that each bag is identified uniquely. Internal-Sender-Identifier: the JOB_ID, the document in ODRNS's own terms. DPR-Object-UUID: the UUID of the object in the repository. DPR-Predecessor-OCFL-Version: the repository version the bag was built on (none for a new document); ingest stores the bag only if that is still the latest version, so that two bags cannot overwrite each other's work. The BagIt version is not at issue: our bags (SHA-512, canonical file names, no fetch.txt) are the same under 0.97 and 1.0 except for the version line. | E7: Cannot be checked. Once a bag has been stored in the repository, its own files (bag-info.txt and the bag manifests) are not kept (Workflow Documentation v2.5, §4.13), so the package does not show what was written. | F7: Sent to the developer on 2026-10-12: the nine bag-info.txt fields of the profile (Source-Organization; External-Identifier = SIP UUID; Internal-Sender-Identifier = JOB_ID; External-Description; Bag-Group-Identifier = batch UUID; Bagging-Date; Payload-Oxum; DPR-Object-UUID; DPR-Predecessor-OCFL-Version), and four checks at ingest before anything is stored: the bag verifies against its manifest; DPR-Predecessor-OCFL-Version still matches the object's latest version (or is none and the object does not yet exist); External-Identifier matches the SIP UUID in METS and PREMIS; Internal-Sender-Identifier and DPR-Object-UUID match the JOB_ID and object UUID in PREMIS. Still to tell the developer: a bag that fails any check is held, and nothing is stored. BagIt 0.97 or 1.0 are both accepted. To check the result, a bag needs to be kept from a test run before it is stored. Profile v0.5: Normative basis [BAGIT] to read "BagIt, RFC 8493 (V1.0) or the 0.97 draft; the SHA-512 manifest verified at ingest (DPM112)". | G7: F060 | H7: In progress
A8: W07 | B8: Package layout and file names | C8: All metadata files go in one metadata/ folder: <JOB_ID>_dome.xml, <JOB_ID>_premis.xml and <JOB_ID>_mets.xml (§4.10). Held files are renamed from the JOB_ID, the language and the file's DOL path flattened into the name (§4.2). | D8: Each kind of metadata has its own place: the descriptive record (DOME) in metadata/descriptive/, PREMIS in metadata/preservation/, and the METS file, which describes the package as a whole, at the top of the package. Every held file has a short, regular canonical name built from the JOB_ID and, for a single-language file, the language, such as 2026_011922_es.docx; nothing from the DOL path enters the name (Placement and file model, Canonical names; DPM105). The original DOL file name is not lost: it is recorded in PREMIS (DPM63). | E8: The package follows Workflow Documentation v2.5. All three metadata files sit together in metadata/, and the held files carry the flattened DOL path in their names, for example 2026_011922_es_G_SPS_NCHL890A1.docx (from V:\G\SPS\NCHL890A1.docx); under the profile this would be 2026_011922_es.docx. The DOL path in the name repeats information that belongs in PREMIS, and it depends on DOL's drive mappings and folder structure, which mean nothing outside DOL. | F8: Adopt the profile's layout and canonical names (Placement and file model, Canonical names), and keep the DOL file name in PREMIS (originalName, DPM63). | G8: F024, F025 | H8: Open
A9: W08 | B9: DOME carries the file list | C9: When the pipeline (PoC 6) creates the descriptive record (DOME), it adds the paths of the preserved files to it (§4.10). | D9: What DOME contains is outside the profile's scope (Purpose and scope), but every DOME record written after v1 must be recorded in PREMIS as a revision (DPM110). Listing the files of the package is METS's job. | E9: The DOME record holds the DOL catalogue record, as extracted from DOL (dome_sql_extraction.json), and a list of files that the pipeline adds and that is neither in the extract nor defined in the DOME schema v0.3: an entry per language and representation, pairing the file's location in DOL (e.g. V:\G\SPS\NCHL890A1.docx for the Spanish DOCX) with its location in the package. Because of this list, every new language rewrites the record (2,188 bytes in v1, 2,730 in v2, 3,272 in v3), although the DOL description has not changed. The entries for the masters pair the DOL location of the published PDF (e.g. S:\G\SPS\NCHL890A1.pdf) with the package location of the master, as if the two were the same file; the master is a new file made from the published PDF, and the published PDF is not held. No revision is recorded in PREMIS for any of the rewrites. | F9: Leave the file list to METS (DOL→DOME crosswalk; METS profile), so that DOME changes only when the DOL description changes, each change recorded by a revision event in PREMIS (DPM110). If the list stays, each rewrite needs DPM110, and the master entries must not carry the published PDF's DOL location. | G9: F067 | H9: Open
A10: W09 | B10: dome_sql_extraction.json not in the design | C10: PoC 6 queries DOL (DOL2DB) for the document's catalogue data (§4.10); the extract itself is not among the outputs §4.10 lists. | D10: Not settled: which per-package processing records are kept is an open item (Open items, Per-package processing records). | E10: Every version holds a copy of the DOL extract, documentation/2026_011922_dome_sql_extraction.json: the DMS job number (11922.26), the time of extraction and the catalogue data from which the DOME record is built. The three copies are identical except for the time of extraction (extracted_utc: 13:10:52 in v1, 13:12:26 in v2, 13:13:59 in v3). The repository therefore holds three copies of the same data, each a new file that PREMIS must describe. | F10: In Workflow Documentation v2.5, §4.10, name the extract as one of the outputs: the DOL data kept for the object, from which the DOME record is built. Write a new extract, and with it a new DOME record, only when the DOL data has changed (W02), compared on content rather than extraction time; each new DOME record is recorded in PREMIS as a revision (DPM110). The PREMIS profile then settles its open item Per-package processing records: the extract is kept and described. | G10: F026, F062 | H10: Open
A11: W10 | B11: Selection basis not recorded | C11: For each document the pipeline keeps the last action DOL recorded on it (LastDmsAction, e.g. InitialPublication, RepublishedModified, MetadataUpdate, Derestriction), for monitoring, routing and analysing versions (§4.2, §13), but writes no reason for a new version into the package. PoC 0 selects the catalogue entries created that day whose restriction type is 44 (derestricted) or 91 (unrestricted). | D11: Every version records why it was created, its selection basis: a new document, a new language, a re-issue, a metadata change, a derestriction… (vocODRNSSelectionBasis). It is written twice: in PREMIS, on the SIP creation event (DPM111), and at the start of the version's commit message in the OCFL inventory (DPM14); before storing, ingest checks that the two agree. | E11: The package does not record why any of its versions was created. The commit messages are free text: "Initial preservation ingest from verified BagIt SIP" for v1, and the identical "Preservation update from verified BagIt SIP" for v2 and v3. PREMIS has no SIP creation event in any version. The reason can only be inferred from the files each version adds: v1 a new document (Spanish), v2 and v3 a new language (French, then English). | F11: Work out the reason for each version from DOL's last action on the catalogue entry (LastDmsAction) and what PoC 1 finds when it compares the files and data from DOL with what the repository already holds: • InitialPublication, JOB_ID not yet in the repository → new_document (v1) • InitialPublication, JOB_ID exists, a language not yet held → language_added • RepublishedModified, a held language whose source file changed → modified_files • MetadataUpdate, files unchanged, DOL data changed → metadata_change • Derestriction, restriction type now 44 → derestriction • any action, nothing changed → no version (run report only) • any other combination → held for review Write the result in PREMIS, on SIP creation (DPM111), and at the start of the commit message in the OCFL inventory (DPM14). Example, v2 of 2026_011922: DOL publishes the French version of G/SPS/N/CHL/890/Add.1; PoC 1 finds the object already in the repository (latest version v1), the Spanish files unchanged and French new. The selection basis is language_added, written as selection_basis: language_added; languages: es, fr on SIP creation, and as the v2 message "language_added — French added (fr)". To confirm with DOL: which action values exist, and whether a further language is recorded as InitialPublication. | G11: F049 | H11: Open
A12: W11 | B12: Restricted documents never selected | C12: Only documents whose restriction type is 44 (derestricted) or 91 (unrestricted) are selected (§4.2); restricted documents never enter the pipeline. | D12: A document's restriction status is recorded in its DOME record (accessRights, derestrictionDate), not in PREMIS; whether PREMIS should also carry a rights statement is an open item (DPM115, not used until then). The profile has a derestriction selection basis, but only for v2 and later (Modification by version type): it assumes a restricted document is already held and becomes public later, the new version writing a new DOME record only. | E12: The document is public from the start: the DOL extract gives restriction type "U" and access type "Public". The DOME record carries these under the DOL field names accessType and restrictionType, not in DOME's accessRights, as the DOME schema v0.3 provides (W16). The DOL extract writes the restriction type as a letter ("U"), while §4.2 selects on numbers (44, 91): which DOL field the selection uses is to be checked. The package says nothing about how restricted documents are treated. | F12: Confirm that restricted documents are out of scope until derestricted. A derestricted document then enters the repository for the first time when it becomes public: its first version is v1, and the profile's derestriction basis (v2+) would never occur. Decide whether such a v1 is new_document, with the derestriction recorded in DOME, or whether derestriction also applies to v1. Write the restriction status in DOME accessRights; the value mapping from DOL's access and restriction types is part of the DOME review. | G12: — | H12: Open
... A18: W17 | B18: METS version | C18: The METS version is not stated. | D18: METS schema 1.12.1 (Normative basis, [METS]). The root METS references the PREMIS file in amdSec/digiprovMD/mdRef with xlink:href (Placement and file model); the DOME record is referenced in dmdSec/mdRef. Further structure is set by the METS profile, still to be written. | E18: The METS file is written to METS 2 (namespace http://www.loc.gov/METS/v2; structSec, LOCREF). It has no metadata section: the DOME record and PREMIS are listed among the 19 files like any other, and the structure map is a single flat division with 19 file pointers, with no divisions for the two representations and no link from the description to the document. | F18: Write METS 1.12.1, as the PREMIS profile cites and as the METS profile will set out: DOME referenced in dmdSec, PREMIS in amdSec/digiprovMD, and a structure map with the document and its two representations. | G18: — | H18: Open

Sheet Implementation 2026-10-15
A1: Finding | B1: Implementation status | C1: Response | D1: Evidence / scope
A2: F001 | B2: Implemented in draft profile; re-review required | C2: Exact UTF-8 declaration, no BOM, NFC text and LF are written by profile_workflow.serialize. | D2: profile_workflow.py; tests/test_team_profile.py; TEAM_REVIEW_IMPLEMENTATION.md
A3: F002 | B3: Implemented in draft profile; re-review required | C3: Default PREMIS 3 namespace and unprefixed xsi:type values; official XSD validation. | D3: profile_workflow.py; tests/test_team_profile.py; TEAM_REVIEW_IMPLEMENTATION.md
A4: F003 | B4: Implemented in draft profile; re-review required | C4: Package-local schemas/premis.xsd and relative schemaLocation; schema SHA-512 pins checked at ingest. | D4: profile_workflow.py; tests/test_team_profile.py; TEAM_REVIEW_IMPLEMENTATION.md
A5: F004 | B5: Original disposition retained | C5: Original review closure/profile issue retained; no implementation closure asserted. | D5: profile_workflow.py; tests/test_team_profile.py; TEAM_REVIEW_IMPLEMENTATION.md
A6: F005 | B6: Implemented in draft profile; re-review required | C6: Controlled-value lookup adds authority/authorityURI/valueURI; local terms use authority=local; identifier types stay plain. | D6: profile_workflow.py; tests/test_team_profile.py; TEAM_REVIEW_IMPLEMENTATION.md
A7: F006 | B7: Implemented in draft profile; re-review required | C7: One intellectualEntity retains the existing object UUID and carries UUID then JOB_ID identifiers. | D7: profile_workflow.py; tests/test_team_profile.py; TEAM_REVIEW_IMPLEMENTATION.md
A8: F007 | B8: Implemented in draft profile; re-review required | C8: IE includes relationships to two stable representation UUIDs. | D8: profile_workflow.py; tests/test_team_profile.py; TEAM_REVIEW_IMPLEMENTATION.md
A9: F008 | B9: Partial / decision or live evidence pending | C9: Independent registered UUID4s for rep_1 and rep_2. Attachment-only jobs retain an empty rep_1: draft adaptation requiring review. | D9: profile_workflow.py; tests/test_team_profile.py; TEAM_REVIEW_IMPLEMENTATION.md
A10: F009 | B10: Implemented in draft profile; re-review required | C10: Representation identifiers are UUID then filepath. | D10: profile_workflow.py; tests/test_team_profile.py; TEAM_REVIEW_IMPLEMENTATION.md
A11: F010 | B11: Implemented in draft profile; re-review required | C11: Bidirectional structural includes/is Included In links; prior includes retained. | D11: profile_workflow.py; tests/test_team_profile.py; TEAM_REVIEW_IMPLEMENTATION.md
A12: F011 | B12: Implemented in draft profile; re-review required | C12: Existing stage file IDs are reused; new stage UUIDs enter the local registry before return. Evidence/content IDs are registered once. | D12: profile_workflow.py; tests/test_team_profile.py; TEAM_REVIEW_IMPLEMENTATION.md
... A83: W17 | B83: Design disposition / draft implementation | C83: METS 1 schema validation and descriptive/preservation sections implemented; final METS business profile still pending | D83: TEAM_REVIEW_IMPLEMENTATION.md
